1,2,3,4,5,6,7,8,9,10,11,12,13,15,,,1,2,3,4,5,6,7,8,9,10,11,12,13,15
217B,2C24,3977,455C,6E3D,444A,4435,7160,5C6B,5C9C,7E25,5CA0,440D,5CAD,,2B24,217B,2C24,3977,455C,6E3D,444A,4435,7160,5C6B,5C9C,7E25,5CA0,440D,5CAD
1,6,102,115,188,150,190,182,160,113,135,105,136,196,,,,,,,,,,,,,,,,
7,134,231,112,244,44,50,18,175,123,144,116,150,174,,,,,,,,,,,,,,,,
252,212,253,124,43,98,110,82,180,131,148,114,166,189,,,,,,,,,,,,,,,,
2,21,8,124,52,96,114,113,169,144,144,124,165,192,,,,,,,,,,,,,,,,
6,37,6,122,57,114,126,130,167,150,148,130,167,193,,,,,,,,,,,,,,,,
6,46,11,121,55,121,139,118,165,155,150,131,168,184,,,,,,,,,,,,,,,,
10,20,17,119,55,116,125,131,167,157,157,133,171,183,,,,,,,,,,,,,,,,
13,27,14,124,59,118,128,130,174,163,156,133,182,183,,,,,,,,,,,,,,,,
16,33,11,126,66,120,138,126,179,165,159,135,188,186,,,,,,,,,,,,,,,,
24,35,5,126,66,125,141,123,183,161,161,136,193,190,,,,,,,,,,,,,,,,
24,59,19,128,65,126,155,130,181,164,161,144,199,192,,,,,,,,,,,,,,,,
29,59,18,113,70,128,155,133,184,169,162,148,201,184,,,,,,,,,,,,,,,,
28,64,21,113,68,127,158,136,186,168,160,146,203,185,,,,,,,,,,,,,,,,
29,56,23,111,71,129,164,139,182,170,158,147,195,186,,,,,,,,,,,,,,,,
30,55,21,111,74,126,171,146,184,172,157,147,196,196,,,,,,,,,,,,,,,,
39,58,21,115,72,130,173,145,186,180,171,165,196,196,,,,,,,,,,,,,,,,
39,55,23,115,74,127,177,144,205,180,168,165,210,198,,,,,,,,,,,,,,,,
43,57,33,118,71,126,181,144,205,182,171,167,210,198,,,,,,,,,,,,,,,,
36,55,33,110,84,127,180,161,203,182,171,167,210,194,,,,,,,,,,,,,,,,
30,65,31,110,84,140,203,165,203,197,170,164,210,194,,,,,,,,,,,,,,,,
29,65,31,110,87,140,203,173,199,197,166,164,206,194,,,,,,,,,,,,,,,,
28,68,32,114,87,140,200,173,199,200,165,164,206,195,,,,,,,,,,,,,,,,
17,68,32,114,81,140,200,173,196,188,165,161,208,196,,,,,,,,,,,,,,,,
17,70,33,113,81,137,201,173,190,186,164,161,205,196,,,,,,,,,,,,,,,,
10,70,31,113,79,137,201,168,190,186,161,161,202,190,,,,,,,,,,,,,,,,
5,66,29,117,78,139,199,165,190,190,161,161,202,192,,,,,,,,,,,,,,,,
3,62,29,117,76,136,198,169,189,189,161,158,200,194,,,,,,,,,,,,,,,,
252,64,26,119,76,133,195,174,185,194,156,158,196,194,,,,,,,,,,,,,,,,
249,64,24,119,77,133,195,168,186,194,156,158,194,190,,,,,,,,,,,,,,,,
246,64,24,121,74,128,195,166,186,190,160,154,194,193,,,,,,,,,,,,,,,,
240,64,24,121,74,159,195,175,190,190,160,154,197,191,,,,,,,,,,,,,,,,
236,65,24,130,74,159,192,180,190,185,161,153,197,191,,,,,,,,,,,,,,,,
238,66,24,130,74,157,192,184,194,185,161,153,199,190,,,,,,,,,,,,,,,,
234,69,23,134,74,144,187,185,194,185,160,151,199,190,,,,,,,,,,,,,,,,
234,67,23,134,76,146,187,181,192,185,159,151,197,187,,,,,,,,,,,,,,,,
234,68,22,135,76,147,190,178,196,184,163,153,197,187,,,,,,,,,,,,,,,,
230,61,22,135,74,135,190,175,196,182,163,163,198,190,,,,,,,,,,,,,,,,
226,66,26,135,74,135,186,175,196,182,163,160,200,190,,,,,,,,,,,,,,,,
225,65,24,135,74,137,186,174,199,182,161,160,198,194,,,,,,,,,,,,,,,,
221,61,30,137,74,137,189,174,199,174,165,156,198,194,,,,,,,,,,,,,,,,
222,73,30,137,77,137,181,177,195,174,165,156,193,197,,,,,,,,,,,,,,,,
222,70,32,137,77,137,185,177,199,178,161,155,193,194,,,,,,,,,,,,,,,,
218,69,31,133,74,141,185,174,198,178,161,155,193,196,,,,,,,,,,,,,,,,
216,62,23,134,74,145,186,174,190,191,158,153,193,196,,,,,,,,,,,,,,,,
210,62,23,133,74,145,186,174,189,191,158,150,188,197,,,,,,,,,,,,,,,,
205,65,24,134,74,145,184,173,186,188,198,149,188,197,,,,,,,,,,,,,,,,
207,64,25,133,83,144,184,171,187,180,198,147,186,197,,,,,,,,,,,,,,,,
207,66,24,134,83,146,195,171,193,178,199,145,183,197,,,,,,,,,,,,,,,,
207,66,23,141,81,146,195,168,192,178,178,149,184,194,,,,,,,,,,,,,,,,
206,70,23,136,77,146,190,166,192,180,181,149,184,194,,,,,,,,,,,,,,,,
206,72,21,139,76,145,182,165,188,179,181,150,191,194,,,,,,,,,,,,,,,,
207,76,23,142,76,143,180,165,188,179,182,153,190,194,,,,,,,,,,,,,,,,
206,78,24,145,75,143,180,171,189,179,167,155,189,192,,,,,,,,,,,,,,,,
205,78,25,149,74,143,179,171,189,182,167,154,189,192,,,,,,,,,,,,,,,,
205,80,25,149,75,143,179,169,188,182,167,154,190,196,,,,,,,,,,,,,,,,
205,79,26,150,75,146,174,169,188,182,165,156,190,195,,,,,,,,,,,,,,,,
206,75,31,146,80,146,174,164,189,181,165,157,193,195,,,,,,,,,,,,,,,,
207,73,27,145,80,152,173,164,188,183,161,158,193,195,,,,,,,,,,,,,,,,
207,78,27,145,84,152,173,162,188,181,161,158,190,187,,,,,,,,,,,,,,,,
205,75,28,139,84,154,170,161,188,180,160,158,190,187,,,,,,,,,,,,,,,,
205,78,28,139,83,154,170,167,184,181,160,158,192,187,,,,,,,,,,,,,,,,
200,74,32,141,83,156,173,167,184,181,160,157,192,183,,,,,,,,,,,,,,,,
196,71,30,138,82,156,173,170,187,181,159,157,192,199,,,,,,,,,,,,,,,,
199,76,30,136,82,156,168,170,187,188,160,155,192,199,,,,,,,,,,,,,,,,
196,76,32,136,87,156,167,167,185,188,160,155,190,196,,,,,,,,,,,,,,,,
197,72,32,140,87,158,169,167,185,189,161,158,190,188,,,,,,,,,,,,,,,,
198,72,30,141,88,158,169,164,182,188,160,160,192,189,,,,,,,,,,,,,,,,
197,72,30,150,88,165,167,164,180,187,158,162,192,185,,,,,,,,,,,,,,,,
198,71,31,151,85,165,167,161,178,187,158,162,191,188,,,,,,,,,,,,,,,,
200,72,30,149,85,163,169,160,178,187,155,166,191,185,,,,,,,,,,,,,,,,
195,72,31,152,109,159,169,163,174,187,154,164,189,183,,,,,,,,,,,,,,,,
194,69,27,150,109,160,174,167,174,184,157,163,188,187,,,,,,,,,,,,,,,,
195,65,24,147,113,160,174,170,174,184,157,163,187,184,,,,,,,,,,,,,,,,
196,66,22,151,102,160,177,171,174,186,156,164,187,184,,,,,,,,,,,,,,,,
196,67,22,150,104,161,175,175,173,186,156,164,188,185,,,,,,,,,,,,,,,,
196,64,27,149,104,161,176,177,173,187,154,164,188,183,,,,,,,,,,,,,,,,
197,56,27,163,105,161,176,180,169,187,154,164,189,184,,,,,,,,,,,,,,,,
198,55,25,161,98,159,178,181,169,183,155,168,189,184,,,,,,,,,,,,,,,,
198,59,21,161,97,159,176,181,173,183,155,168,188,176,,,,,,,,,,,,,,,,
195,56,25,156,97,160,178,182,173,181,154,170,188,176,,,,,,,,,,,,,,,,
195,66,25,156,100,160,178,181,173,180,155,170,188,176,,,,,,,,,,,,,,,,
195,60,22,155,100,158,172,185,173,180,153,168,188,176,,,,,,,,,,,,,,,,
197,60,22,155,100,158,172,185,171,180,153,168,187,186,,,,,,,,,,,,,,,,
196,58,25,156,100,157,169,185,171,180,154,166,187,186,,,,,,,,,,,,,,,,
197,58,25,156,102,159,169,187,172,180,153,166,189,185,,,,,,,,,,,,,,,,
199,57,23,157,102,159,171,187,172,177,155,164,187,180,,,,,,,,,,,,,,,,
200,57,23,155,105,159,171,188,170,177,155,161,189,181,,,,,,,,,,,,,,,,
200,57,25,158,104,157,174,188,170,181,158,161,189,181,,,,,,,,,,,,,,,,
203,57,22,158,105,157,176,189,174,181,158,160,191,181,,,,,,,,,,,,,,,,
203,61,21,160,105,159,180,189,174,176,159,162,191,180,,,,,,,,,,,,,,,,
207,62,17,160,108,159,180,191,176,174,159,167,189,182,,,,,,,,,,,,,,,,
207,60,17,161,108,160,182,191,175,176,156,169,189,182,,,,,,,,,,,,,,,,
207,60,17,161,110,160,182,192,173,176,156,167,193,181,,,,,,,,,,,,,,,,
205,62,17,161,110,159,183,192,173,174,157,166,193,181,,,,,,,,,,,,,,,,
209,62,17,161,112,159,183,197,173,174,158,169,193,181,,,,,,,,,,,,,,,,
209,63,19,159,112,158,181,197,173,171,156,173,193,181,,,,,,,,,,,,,,,,
210,63,21,160,112,158,181,193,172,171,156,174,193,181,,,,,,,,,,,,,,,,
211,57,21,156,111,157,181,193,172,171,158,174,193,181,,,,,,,,,,,,,,,,
211,57,23,156,111,157,183,188,167,171,157,173,193,180,,,,,,,,,,,,,,,,
211,54,23,158,111,155,185,188,167,175,161,169,191,180,,,,,,,,,,,,,,,,
211,53,23,158,113,155,185,198,169,175,160,166,189,177,,,,,,,,,,,,,,,,
213,54,27,157,113,156,187,198,169,172,157,168,189,177,,,,,,,,,,,,,,,,
213,52,27,157,113,156,186,196,168,172,159,170,186,176,,,,,,,,,,,,,,,,
217,51,29,156,113,157,191,192,168,169,161,170,186,176,,,,,,,,,,,,,,,,
216,50,29,153,113,157,191,192,168,170,163,167,187,175,,,,,,,,,,,,,,,,
217,47,31,153,113,155,190,192,168,171,169,167,187,175,,,,,,,,,,,,,,,,
218,50,31,151,117,155,190,186,171,171,170,164,186,178,,,,,,,,,,,,,,,,
217,47,26,149,117,155,193,185,171,174,169,164,186,178,,,,,,,,,,,,,,,,
223,45,27,156,119,155,193,185,172,173,160,165,191,177,,,,,,,,,,,,,,,,
226,45,26,156,119,159,189,185,170,171,162,165,190,175,,,,,,,,,,,,,,,,
225,45,26,154,120,159,189,182,174,171,164,167,192,173,,,,,,,,,,,,,,,,
225,43,24,152,120,155,189,182,174,172,165,167,192,173,,,,,,,,,,,,,,,,
229,43,26,152,119,155,192,182,175,172,169,169,193,171,,,,,,,,,,,,,,,,
225,43,30,153,119,156,192,182,175,174,168,169,193,169,,,,,,,,,,,,,,,,
229,43,31,152,122,156,192,184,179,174,168,172,195,169,,,,,,,,,,,,,,,,
229,41,32,151,122,155,193,184,178,175,165,172,195,169,,,,,,,,,,,,,,,,
229,41,34,147,123,155,190,184,180,175,165,169,194,169,,,,,,,,,,,,,,,,
233,37,35,144,123,156,192,183,180,180,166,169,194,,,,,,,,,,,,,,,,,
232,37,37,144,126,156,192,189,178,182,166,164,195,,,,,,,,,,,,,,,,,
235,35,38,146,126,154,190,186,178,184,166,164,195,,,,,,,,,,,,,,,,,
234,35,38,147,126,154,190,181,176,184,166,164,195,,,,,,,,,,,,,,,,,
235,33,35,145,126,151,192,180,176,189,167,164,195,,,,,,,,,,,,,,,,,
239,33,35,145,129,151,192,179,178,189,167,166,193,,,,,,,,,,,,,,,,,
239,34,36,146,129,150,190,177,178,189,168,165,192,,,,,,,,,,,,,,,,,
238,37,36,146,129,150,190,184,175,189,168,165,194,,,,,,,,,,,,,,,,,
243,44,34,149,129,155,186,184,176,188,168,165,194,,,,,,,,,,,,,,,,,
243,44,34,149,127,155,186,183,173,188,167,155,193,,,,,,,,,,,,,,,,,
243,41,34,148,127,152,185,171,174,190,167,155,193,,,,,,,,,,,,,,,,,
243,41,34,148,128,152,185,172,176,189,167,154,188,,,,,,,,,,,,,,,,,
236,40,32,154,128,152,178,170,174,192,168,154,188,,,,,,,,,,,,,,,,,
236,40,32,147,129,152,178,173,175,192,170,174,187,,,,,,,,,,,,,,,,,
231,41,33,150,129,153,178,173,178,193,166,174,187,,,,,,,,,,,,,,,,,
229,41,34,153,134,153,178,174,177,192,166,173,185,,,,,,,,,,,,,,,,,
226,41,31,152,134,151,176,174,178,193,160,158,186,,,,,,,,,,,,,,,,,
222,41,31,156,133,151,176,174,179,193,160,159,185,,,,,,,,,,,,,,,,,
221,41,34,150,136,153,174,174,181,192,160,159,185,,,,,,,,,,,,,,,,,
223,41,35,151,136,151,171,172,182,192,160,161,187,,,,,,,,,,,,,,,,,
222,39,34,153,136,152,174,172,182,191,160,161,187,,,,,,,,,,,,,,,,,
219,39,35,154,141,152,174,176,179,191,160,164,187,,,,,,,,,,,,,,,,,
221,43,35,151,143,153,174,176,177,190,161,164,187,,,,,,,,,,,,,,,,,
221,46,33,155,142,151,175,176,179,190,160,163,191,,,,,,,,,,,,,,,,,
225,47,31,154,146,154,174,175,179,190,161,164,191,,,,,,,,,,,,,,,,,
227,49,34,152,145,152,174,176,178,190,161,164,195,,,,,,,,,,,,,,,,,
224,53,34,153,143,153,175,177,178,192,161,165,195,,,,,,,,,,,,,,,,,
224,56,33,153,137,153,175,178,174,192,163,165,197,,,,,,,,,,,,,,,,,
227,57,33,153,136,154,174,176,174,190,165,167,197,,,,,,,,,,,,,,,,,
227,58,31,153,134,154,175,179,175,190,165,167,195,,,,,,,,,,,,,,,,,
232,59,29,153,134,156,176,173,183,190,153,169,195,,,,,,,,,,,,,,,,,
232,62,29,153,129,156,176,173,184,190,153,169,192,,,,,,,,,,,,,,,,,
229,67,31,154,129,156,176,174,185,188,154,161,192,,,,,,,,,,,,,,,,,
229,71,31,150,127,156,177,173,189,188,154,161,188,,,,,,,,,,,,,,,,,
228,71,33,150,127,153,178,174,189,192,174,161,188,,,,,,,,,,,,,,,,,
228,71,33,146,125,153,178,176,185,192,174,161,186,,,,,,,,,,,,,,,,,
238,69,34,151,125,150,175,178,183,194,176,175,186,,,,,,,,,,,,,,,,,
238,68,34,153,124,150,175,183,185,194,176,175,185,,,,,,,,,,,,,,,,,
240,68,32,150,123,153,175,183,184,194,165,178,185,,,,,,,,,,,,,,,,,
239,68,32,148,123,154,175,181,182,194,165,167,181,,,,,,,,,,,,,,,,,
239,68,33,147,123,154,174,179,184,190,165,169,182,,,,,,,,,,,,,,,,,
243,69,33,147,124,154,174,177,181,190,169,169,184,,,,,,,,,,,,,,,,,
245,73,30,145,124,154,174,177,181,191,171,167,184,,,,,,,,,,,,,,,,,
247,72,30,146,119,154,172,178,179,191,171,168,183,,,,,,,,,,,,,,,,,
250,74,33,142,119,154,171,179,179,189,171,170,183,,,,,,,,,,,,,,,,,
246,77,33,142,118,154,171,181,177,189,171,173,185,,,,,,,,,,,,,,,,,
249,78,31,137,118,154,172,181,177,188,170,172,185,,,,,,,,,,,,,,,,,
250,78,31,137,113,154,170,181,177,190,170,168,183,,,,,,,,,,,,,,,,,
249,78,31,133,112,153,173,181,177,193,166,172,183,,,,,,,,,,,,,,,,,
251,77,31,133,109,153,173,180,180,193,166,165,184,,,,,,,,,,,,,,,,,
249,76,33,132,109,151,177,180,180,193,164,165,184,,,,,,,,,,,,,,,,,
249,87,33,132,109,151,177,180,181,194,164,165,189,,,,,,,,,,,,,,,,,
246,85,31,133,110,150,178,180,181,194,164,166,189,,,,,,,,,,,,,,,,,
246,86,31,133,104,150,179,179,181,192,164,191,190,,,,,,,,,,,,,,,,,
248,83,31,131,104,147,179,179,181,192,165,187,191,,,,,,,,,,,,,,,,,
248,82,31,131,104,147,179,183,182,191,166,186,189,,,,,,,,,,,,,,,,,
248,81,29,129,104,145,178,183,182,191,172,169,189,,,,,,,,,,,,,,,,,
248,81,29,129,101,145,182,180,180,192,169,169,188,,,,,,,,,,,,,,,,,
241,79,30,132,101,142,179,180,180,193,168,167,188,,,,,,,,,,,,,,,,,
235,79,31,132,100,143,179,182,175,189,167,167,189,,,,,,,,,,,,,,,,,
235,77,27,134,100,142,182,182,175,189,167,168,189,,,,,,,,,,,,,,,,,
233,77,27,134,102,142,178,181,174,191,166,168,193,,,,,,,,,,,,,,,,,
233,77,28,131,103,142,183,181,174,191,166,167,193,,,,,,,,,,,,,,,,,
244,77,26,127,104,141,177,182,173,192,162,169,191,,,,,,,,,,,,,,,,,
247,82,28,124,104,141,173,180,173,192,163,166,191,,,,,,,,,,,,,,,,,
246,82,28,124,109,141,174,181,170,189,163,166,189,,,,,,,,,,,,,,,,,
246,80,29,126,108,137,173,181,170,189,163,164,189,,,,,,,,,,,,,,,,,
246,80,27,126,108,137,184,180,169,189,162,164,180,,,,,,,,,,,,,,,,,
248,83,25,126,108,136,184,181,169,189,165,164,180,,,,,,,,,,,,,,,,,
248,83,28,126,107,136,184,183,175,188,165,164,181,,,,,,,,,,,,,,,,,
248,81,27,124,107,134,181,183,175,188,162,166,181,,,,,,,,,,,,,,,,,
250,81,27,124,108,134,181,182,176,191,163,166,220,,,,,,,,,,,,,,,,,
252,79,23,122,109,136,183,182,176,190,165,164,220,,,,,,,,,,,,,,,,,
253,79,23,122,113,138,183,178,175,187,165,164,222,,,,,,,,,,,,,,,,,
250,72,22,124,113,141,181,178,175,187,156,164,196,,,,,,,,,,,,,,,,,
250,72,22,124,113,141,181,182,175,186,156,164,198,,,,,,,,,,,,,,,,,
252,62,22,41,113,139,181,182,174,186,148,166,198,,,,,,,,,,,,,,,,,
252,57,22,43,114,139,182,178,174,185,148,166,197,,,,,,,,,,,,,,,,,
253,65,21,43,114,135,180,178,174,185,170,168,191,,,,,,,,,,,,,,,,,
253,63,21,44,115,135,180,180,174,187,170,168,194,,,,,,,,,,,,,,,,,
249,61,21,44,115,137,180,180,174,187,167,167,194,,,,,,,,,,,,,,,,,
249,56,21,40,112,137,180,178,175,190,152,167,193,,,,,,,,,,,,,,,,,
253,51,23,40,112,134,181,176,175,189,152,165,193,,,,,,,,,,,,,,,,,
253,43,25,38,113,134,181,177,175,190,152,164,191,,,,,,,,,,,,,,,,,
255,37,23,130,113,132,185,176,175,190,154,161,191,,,,,,,,,,,,,,,,,
255,34,23,148,117,132,185,177,174,194,155,161,193,,,,,,,,,,,,,,,,,
250,29,20,161,116,135,185,176,174,194,157,160,193,,,,,,,,,,,,,,,,,
250,31,20,178,117,135,186,174,176,193,157,160,193,,,,,,,,,,,,,,,,,
255,40,22,193,117,136,182,173,176,193,157,158,195,,,,,,,,,,,,,,,,,
255,40,22,210,117,136,182,173,174,192,159,158,195,,,,,,,,,,,,,,,,,
8,41,24,210,118,137,184,167,174,192,157,158,195,,,,,,,,,,,,,,,,,
8,34,24,225,118,137,181,162,172,196,157,158,184,,,,,,,,,,,,,,,,,
4,29,23,225,118,137,183,164,172,196,159,160,184,,,,,,,,,,,,,,,,,
253,29,23,243,122,137,179,165,166,197,159,161,184,,,,,,,,,,,,,,,,,
251,26,25,242,122,138,182,165,166,197,158,157,184,,,,,,,,,,,,,,,,,
245,22,25,5,121,138,185,181,167,199,158,156,202,,,,,,,,,,,,,,,,,
239,22,22,5,121,139,183,181,167,200,160,156,202,,,,,,,,,,,,,,,,,
237,26,22,19,120,138,192,183,205,204,160,158,201,,,,,,,,,,,,,,,,,
237,28,22,35,120,139,192,177,205,204,160,161,193,,,,,,,,,,,,,,,,,
236,31,22,55,121,139,187,177,200,201,161,163,189,,,,,,,,,,,,,,,,,
234,29,21,74,125,130,183,177,179,201,161,165,189,,,,,,,,,,,,,,,,,
231,28,21,76,120,130,180,179,181,203,163,167,193,,,,,,,,,,,,,,,,,
232,27,21,75,120,130,179,178,181,203,163,164,192,,,,,,,,,,,,,,,,,
232,25,21,75,118,130,179,175,183,247,161,155,190,,,,,,,,,,,,,,,,,
229,20,22,72,114,146,181,175,174,247,161,154,190,,,,,,,,,,,,,,,,,
229,22,22,77,114,146,180,176,170,246,161,154,190,,,,,,,,,,,,,,,,,
231,24,23,164,115,150,181,176,170,226,161,154,190,,,,,,,,,,,,,,,,,
231,24,23,182,112,138,179,177,171,228,159,170,193,,,,,,,,,,,,,,,,,
233,34,25,198,112,137,178,177,167,228,159,170,193,,,,,,,,,,,,,,,,,
233,34,25,219,109,137,179,176,169,231,159,170,195,,,,,,,,,,,,,,,,,
231,32,19,239,110,137,178,176,166,216,159,164,195,,,,,,,,,,,,,,,,,
231,27,21,239,110,135,181,174,165,218,155,164,196,,,,,,,,,,,,,,,,,
234,33,23,2,110,134,180,174,165,218,155,165,197,,,,,,,,,,,,,,,,,
231,33,22,2,108,134,181,174,165,218,160,165,195,,,,,,,,,,,,,,,,,
234,34,26,21,108,135,196,174,174,218,160,163,195,,,,,,,,,,,,,,,,,
233,34,26,22,106,135,196,171,178,219,166,163,194,,,,,,,,,,,,,,,,,
235,36,26,41,106,134,196,171,178,219,166,166,194,,,,,,,,,,,,,,,,,
236,36,29,41,108,134,191,167,172,218,167,166,193,,,,,,,,,,,,,,,,,
236,34,36,63,105,136,190,167,171,218,167,164,193,,,,,,,,,,,,,,,,,
239,35,34,61,104,136,190,181,172,217,161,164,191,,,,,,,,,,,,,,,,,
239,36,29,79,106,134,180,181,171,216,161,165,191,,,,,,,,,,,,,,,,,
238,31,29,98,106,133,180,180,169,213,161,164,190,,,,,,,,,,,,,,,,,
237,33,27,116,106,133,178,172,169,213,161,165,191,,,,,,,,,,,,,,,,,
238,27,27,119,104,133,178,167,171,210,176,165,192,,,,,,,,,,,,,,,,,
237,28,29,121,104,132,188,167,170,210,175,172,192,,,,,,,,,,,,,,,,,
237,43,29,117,103,132,188,168,174,207,175,172,192,,,,,,,,,,,,,,,,,
237,48,28,115,103,132,192,175,174,207,162,170,190,,,,,,,,,,,,,,,,,
237,48,28,115,98,132,187,172,178,207,162,170,189,,,,,,,,,,,,,,,,,
241,40,27,115,98,140,186,168,178,207,166,171,189,,,,,,,,,,,,,,,,,
243,41,27,112,100,140,183,166,176,209,167,171,188,,,,,,,,,,,,,,,,,
243,42,27,112,100,141,186,161,176,207,167,169,188,,,,,,,,,,,,,,,,,
242,41,27,116,102,137,186,158,176,202,166,169,186,,,,,,,,,,,,,,,,,
240,45,32,113,102,135,185,160,176,202,166,171,186,,,,,,,,,,,,,,,,,
243,49,32,113,100,135,185,156,178,200,167,171,187,,,,,,,,,,,,,,,,,
240,47,29,117,100,135,180,156,178,198,167,167,187,,,,,,,,,,,,,,,,,
245,53,29,117,101,134,178,157,179,199,167,167,182,,,,,,,,,,,,,,,,,
242,53,28,117,101,135,179,154,179,199,167,169,181,,,,,,,,,,,,,,,,,
245,52,28,117,100,135,178,157,180,198,168,169,183,,,,,,,,,,,,,,,,,
247,47,35,114,92,135,174,157,180,198,171,170,185,,,,,,,,,,,,,,,,,
248,53,35,114,92,135,174,158,176,204,173,170,179,,,,,,,,,,,,,,,,,
251,56,36,110,102,135,172,158,174,204,182,173,180,,,,,,,,,,,,,,,,,
251,59,38,110,102,135,172,157,175,201,177,174,183,,,,,,,,,,,,,,,,,
247,60,40,107,99,136,171,157,175,201,173,176,182,,,,,,,,,,,,,,,,,
249,57,40,107,94,136,171,156,177,202,172,176,181,,,,,,,,,,,,,,,,,
247,57,40,108,92,138,173,156,177,202,172,175,180,,,,,,,,,,,,,,,,,
248,60,38,108,92,138,173,158,175,201,184,174,183,,,,,,,,,,,,,,,,,
249,58,37,105,89,138,179,158,175,201,178,173,183,,,,,,,,,,,,,,,,,
252,58,31,103,89,138,174,157,176,202,176,173,185,,,,,,,,,,,,,,,,,
253,60,35,103,89,138,174,157,176,202,176,173,186,,,,,,,,,,,,,,,,,
253,63,39,101,89,138,174,159,173,201,175,173,186,,,,,,,,,,,,,,,,,
255,69,38,101,88,137,172,159,173,201,175,171,186,,,,,,,,,,,,,,,,,
255,71,43,98,88,137,172,164,174,199,173,171,184,,,,,,,,,,,,,,,,,
1,73,43,98,87,141,175,164,174,199,171,175,184,,,,,,,,,,,,,,,,,
2,74,43,96,87,141,175,163,176,197,169,175,182,,,,,,,,,,,,,,,,,
255,73,40,96,85,138,170,163,176,197,161,175,182,,,,,,,,,,,,,,,,,
255,79,40,96,85,138,170,161,176,195,181,175,180,,,,,,,,,,,,,,,,,
3,81,44,96,81,137,171,161,172,195,172,175,182,,,,,,,,,,,,,,,,,
3,83,44,95,81,137,171,162,173,196,171,175,183,,,,,,,,,,,,,,,,,
253,88,45,95,77,137,172,162,173,196,171,182,183,,,,,,,,,,,,,,,,,
253,93,43,95,77,137,172,167,173,199,177,182,183,,,,,,,,,,,,,,,,,
255,91,43,96,74,140,172,168,173,199,179,182,183,,,,,,,,,,,,,,,,,
255,91,43,95,74,140,173,171,172,200,178,177,184,,,,,,,,,,,,,,,,,
254,88,39,94,70,141,169,172,172,201,178,181,184,,,,,,,,,,,,,,,,,
254,88,37,94,70,141,169,172,172,202,175,181,186,,,,,,,,,,,,,,,,,
253,89,38,93,69,135,169,169,172,193,172,184,186,,,,,,,,,,,,,,,,,
253,89,36,96,69,135,169,170,175,194,172,183,188,,,,,,,,,,,,,,,,,
1,90,35,96,67,134,171,172,175,195,171,185,181,,,,,,,,,,,,,,,,,
255,90,36,95,67,131,171,172,174,192,165,185,182,,,,,,,,,,,,,,,,,
2,91,39,95,63,133,169,176,174,204,165,182,181,,,,,,,,,,,,,,,,,
5,91,39,96,63,132,169,176,176,197,160,177,179,,,,,,,,,,,,,,,,,
7,91,38,95,61,133,171,177,176,195,154,179,197,,,,,,,,,,,,,,,,,
8,91,40,94,61,132,173,177,172,193,178,176,196,,,,,,,,,,,,,,,,,
8,92,36,96,57,134,171,177,172,193,160,176,194,,,,,,,,,,,,,,,,,
9,92,36,97,57,137,171,177,171,194,166,176,186,,,,,,,,,,,,,,,,,
11,95,35,97,55,139,167,179,171,189,166,178,184,,,,,,,,,,,,,,,,,
11,95,35,102,55,136,170,179,174,188,171,184,184,,,,,,,,,,,,,,,,,
8,96,36,95,55,130,174,174,174,185,163,182,184,,,,,,,,,,,,,,,,,
8,96,36,95,55,128,174,174,176,185,164,182,186,,,,,,,,,,,,,,,,,
8,93,38,95,57,128,175,174,176,184,161,176,186,,,,,,,,,,,,,,,,,
8,93,41,97,54,133,175,174,175,184,164,176,188,,,,,,,,,,,,,,,,,
6,95,39,108,52,130,178,174,175,185,164,175,188,,,,,,,,,,,,,,,,,
6,95,38,108,53,130,178,174,177,185,167,172,186,,,,,,,,,,,,,,,,,
7,95,38,110,52,131,178,174,177,188,169,169,186,,,,,,,,,,,,,,,,,
7,95,37,106,49,131,178,174,176,188,169,169,185,,,,,,,,,,,,,,,,,
7,93,39,106,48,133,176,177,176,185,165,168,185,,,,,,,,,,,,,,,,,
7,93,41,110,47,133,176,177,171,184,165,169,184,,,,,,,,,,,,,,,,,
7,93,40,110,49,132,175,178,171,182,163,166,184,,,,,,,,,,,,,,,,,
7,93,33,110,49,132,175,178,173,185,168,167,185,,,,,,,,,,,,,,,,,
10,96,32,109,51,131,174,177,174,186,162,167,185,,,,,,,,,,,,,,,,,
11,97,32,106,51,131,171,177,170,185,162,167,185,,,,,,,,,,,,,,,,,
13,92,32,109,52,132,176,176,170,189,162,165,186,,,,,,,,,,,,,,,,,
7,92,32,109,52,132,176,176,167,189,166,163,185,,,,,,,,,,,,,,,,,
10,90,30,109,52,135,179,174,168,190,167,164,185,,,,,,,,,,,,,,,,,
10,90,32,109,52,135,179,173,166,188,170,164,177,,,,,,,,,,,,,,,,,
6,85,31,107,51,132,181,175,166,189,171,165,177,,,,,,,,,,,,,,,,,
8,87,32,107,51,132,180,175,167,191,171,167,173,,,,,,,,,,,,,,,,,
8,86,32,104,47,134,184,170,167,181,171,165,173,,,,,,,,,,,,,,,,,
9,93,29,,47,132,184,170,167,181,172,165,188,,,,,,,,,,,,,,,,,
7,90,26,,49,137,186,167,167,181,175,164,188,,,,,,,,,,,,,,,,,
9,96,25,,49,138,188,167,165,181,173,164,189,,,,,,,,,,,,,,,,,
10,98,25,,49,139,192,181,165,201,172,165,182,,,,,,,,,,,,,,,,,
10,100,28,,47,139,192,181,162,201,174,165,183,,,,,,,,,,,,,,,,,
13,101,28,,45,143,191,184,162,203,172,163,183,,,,,,,,,,,,,,,,,
13,103,28,,45,141,191,176,161,194,172,163,182,,,,,,,,,,,,,,,,,
13,102,26,,47,145,189,179,161,198,174,163,180,,,,,,,,,,,,,,,,,
15,103,26,,45,147,189,179,161,198,174,163,180,,,,,,,,,,,,,,,,,
21,107,26,,44,154,191,179,160,193,174,165,180,,,,,,,,,,,,,,,,,
19,107,26,,43,153,191,180,163,193,174,165,181,,,,,,,,,,,,,,,,,
21,106,25,,42,153,191,182,163,192,175,167,181,,,,,,,,,,,,,,,,,
20,105,25,,44,153,192,187,163,192,175,167,180,,,,,,,,,,,,,,,,,
18,108,21,,45,152,191,185,163,191,179,173,180,,,,,,,,,,,,,,,,,
14,108,22,,45,152,191,182,166,191,179,173,184,,,,,,,,,,,,,,,,,
15,109,24,,46,153,190,189,166,185,178,174,184,,,,,,,,,,,,,,,,,
16,107,24,,46,153,190,190,166,185,177,174,183,,,,,,,,,,,,,,,,,
19,107,24,,46,156,190,187,166,183,176,175,183,,,,,,,,,,,,,,,,,
19,110,24,,46,156,190,185,159,185,176,175,183,,,,,,,,,,,,,,,,,
22,110,29,,43,158,186,179,160,183,173,177,183,,,,,,,,,,,,,,,,,
21,107,29,,43,158,186,181,162,183,174,177,177,,,,,,,,,,,,,,,,,
21,111,39,,43,157,185,182,160,184,177,179,177,,,,,,,,,,,,,,,,,
21,127,39,,43,149,186,186,162,184,177,179,179,,,,,,,,,,,,,,,,,
17,129,36,,45,156,184,186,166,182,176,181,179,,,,,,,,,,,,,,,,,
19,126,33,,45,157,184,186,167,182,176,181,189,,,,,,,,,,,,,,,,,
20,120,33,,43,159,186,187,162,181,174,184,189,,,,,,,,,,,,,,,,,
17,116,33,,43,173,185,187,162,181,174,184,189,,,,,,,,,,,,,,,,,
21,119,31,,45,172,185,185,164,178,171,181,183,,,,,,,,,,,,,,,,,
21,118,31,,45,175,185,185,166,178,171,181,185,,,,,,,,,,,,,,,,,
21,120,28,,47,163,179,182,179,180,168,181,185,,,,,,,,,,,,,,,,,
13,120,28,,49,163,179,182,181,180,168,181,185,,,,,,,,,,,,,,,,,
13,120,30,,144,163,178,180,181,180,167,184,186,,,,,,,,,,,,,,,,,
5,121,30,,133,159,178,180,175,180,167,184,185,,,,,,,,,,,,,,,,,
5,120,30,,53,158,176,178,175,178,165,182,185,,,,,,,,,,,,,,,,,
5,120,30,,57,158,176,180,175,178,165,182,186,,,,,,,,,,,,,,,,,
3,119,30,,61,155,174,181,175,178,166,186,186,,,,,,,,,,,,,,,,,
3,119,30,,57,157,175,178,171,178,166,186,187,,,,,,,,,,,,,,,,,
2,115,39,,64,162,175,177,171,176,158,187,187,,,,,,,,,,,,,,,,,
2,115,41,,68,162,175,178,171,176,158,187,187,,,,,,,,,,,,,,,,,
2,111,39,,84,163,171,180,175,171,160,186,187,,,,,,,,,,,,,,,,,
3,109,37,,82,163,173,174,174,171,160,186,189,,,,,,,,,,,,,,,,,
7,105,38,,105,165,172,171,174,167,177,188,189,,,,,,,,,,,,,,,,,
6,111,40,,105,165,172,173,173,177,177,183,189,,,,,,,,,,,,,,,,,
1,111,44,,116,165,172,176,173,172,177,183,186,,,,,,,,,,,,,,,,,
0,109,48,,108,165,172,181,174,168,169,185,186,,,,,,,,,,,,,,,,,
0,107,51,,106,165,171,179,174,172,169,184,185,,,,,,,,,,,,,,,,,
2,112,52,,96,165,168,179,180,174,169,187,185,,,,,,,,,,,,,,,,,
255,113,49,,90,164,168,178,180,170,169,182,192,,,,,,,,,,,,,,,,,
255,109,49,,86,164,168,178,181,176,167,181,192,,,,,,,,,,,,,,,,,
2,108,48,,78,165,166,174,181,167,169,177,193,,,,,,,,,,,,,,,,,
3,110,49,,78,165,169,175,178,168,169,173,190,,,,,,,,,,,,,,,,,
5,107,54,,75,165,168,177,178,170,168,173,190,,,,,,,,,,,,,,,,,
7,107,56,,75,165,168,177,181,184,170,170,187,,,,,,,,,,,,,,,,,
5,106,58,,69,163,163,171,181,175,170,167,188,,,,,,,,,,,,,,,,,
5,106,56,,69,163,163,171,180,180,170,167,189,,,,,,,,,,,,,,,,,
2,102,57,,63,165,164,174,178,179,173,173,189,,,,,,,,,,,,,,,,,
2,102,62,,63,165,164,173,178,183,173,172,188,,,,,,,,,,,,,,,,,
3,100,54,,62,163,165,176,178,183,175,171,188,,,,,,,,,,,,,,,,,
3,100,55,,62,163,167,176,178,182,175,171,190,,,,,,,,,,,,,,,,,
1,103,52,,62,164,169,175,183,182,179,169,190,,,,,,,,,,,,,,,,,
1,103,51,,62,164,170,174,183,182,179,169,189,,,,,,,,,,,,,,,,,
2,99,49,,68,164,168,175,182,182,179,174,189,,,,,,,,,,,,,,,,,
2,101,47,,68,164,170,175,182,182,179,174,189,,,,,,,,,,,,,,,,,
3,99,46,,68,157,168,174,181,180,179,170,,,,,,,,,,,,,,,,,,
3,101,46,,68,157,170,175,181,177,179,170,,,,,,,,,,,,,,,,,,
5,99,45,,68,162,169,176,183,177,176,169,,,,,,,,,,,,,,,,,,
5,104,45,,68,159,172,176,183,178,176,169,,,,,,,,,,,,,,,,,,
7,101,45,,69,159,169,178,181,178,177,167,,,,,,,,,,,,,,,,,,
7,101,44,,69,157,169,178,181,178,177,167,,,,,,,,,,,,,,,,,,
5,113,47,,72,157,168,179,183,178,176,158,,,,,,,,,,,,,,,,,,
5,113,47,,72,155,171,179,183,176,176,158,,,,,,,,,,,,,,,,,,
4,108,47,,69,155,171,178,184,176,175,160,,,,,,,,,,,,,,,,,,
4,96,47,,69,149,171,178,183,177,175,160,,,,,,,,,,,,,,,,,,
11,96,45,,,149,169,179,184,177,176,181,,,,,,,,,,,,,,,,,,
11,96,45,,,151,169,179,184,177,176,181,,,,,,,,,,,,,,,,,,
9,96,46,,,151,169,182,185,177,178,181,,,,,,,,,,,,,,,,,,
9,94,46,,,167,169,177,186,175,178,167,,,,,,,,,,,,,,,,,,
5,97,47,,,167,170,181,187,176,181,170,,,,,,,,,,,,,,,,,,
5,101,47,,,165,170,183,185,177,181,170,,,,,,,,,,,,,,,,,,
3,108,42,,,154,172,183,185,177,177,169,,,,,,,,,,,,,,,,,,
3,105,42,,,154,176,187,186,178,178,168,,,,,,,,,,,,,,,,,,
4,102,39,,,154,180,188,186,178,178,168,,,,,,,,,,,,,,,,,,
7,105,39,,,151,180,182,186,177,178,168,,,,,,,,,,,,,,,,,,
3,103,43,,,150,183,183,186,177,176,171,,,,,,,,,,,,,,,,,,
3,111,43,,,150,181,184,186,177,175,171,,,,,,,,,,,,,,,,,,
2,117,41,,,150,180,181,186,177,179,173,,,,,,,,,,,,,,,,,,
3,118,39,,,150,180,181,186,177,179,173,,,,,,,,,,,,,,,,,,
5,121,43,,,150,180,179,186,177,178,177,,,,,,,,,,,,,,,,,,
8,121,52,,,150,180,179,181,174,178,177,,,,,,,,,,,,,,,,,,
10,121,56,,,150,178,180,181,174,175,177,,,,,,,,,,,,,,,,,,
10,121,53,,,152,178,180,179,174,175,178,,,,,,,,,,,,,,,,,,
9,121,51,,,152,180,181,179,173,176,180,,,,,,,,,,,,,,,,,,
9,118,50,,,149,180,181,193,169,176,180,,,,,,,,,,,,,,,,,,
9,118,50,,,149,181,181,196,169,175,169,,,,,,,,,,,,,,,,,,
9,113,54,,,148,180,181,189,163,175,169,,,,,,,,,,,,,,,,,,
9,113,58,,,148,180,180,188,163,175,166,,,,,,,,,,,,,,,,,,
9,114,61,,,143,181,180,188,161,175,166,,,,,,,,,,,,,,,,,,
7,114,60,,,143,177,176,185,161,175,187,,,,,,,,,,,,,,,,,,
7,120,58,,,145,176,173,185,156,175,187,,,,,,,,,,,,,,,,,,
12,120,57,,,145,178,173,185,156,173,187,,,,,,,,,,,,,,,,,,
12,124,58,,,158,173,173,185,155,173,172,,,,,,,,,,,,,,,,,,
11,124,58,,,158,175,173,187,155,169,171,,,,,,,,,,,,,,,,,,
11,125,54,,,160,175,172,185,152,169,171,,,,,,,,,,,,,,,,,,
15,130,54,,,155,175,172,190,152,169,171,,,,,,,,,,,,,,,,,,
15,126,60,,,152,167,170,184,151,169,172,,,,,,,,,,,,,,,,,,
15,125,57,,,152,168,170,185,150,172,173,,,,,,,,,,,,,,,,,,
15,135,57,,,151,168,172,184,147,172,173,,,,,,,,,,,,,,,,,,
16,138,55,,,149,165,172,182,147,172,178,,,,,,,,,,,,,,,,,,
19,138,60,,,153,165,174,190,143,172,178,,,,,,,,,,,,,,,,,,
18,139,60,,,153,163,174,191,143,173,179,,,,,,,,,,,,,,,,,,
18,140,61,,,159,161,174,188,142,173,179,,,,,,,,,,,,,,,,,,
17,142,61,,,159,154,172,180,142,175,180,,,,,,,,,,,,,,,,,,
17,139,62,,,160,156,171,184,144,175,180,,,,,,,,,,,,,,,,,,
17,139,61,,,160,154,168,183,144,174,181,,,,,,,,,,,,,,,,,,
17,136,60,,,161,158,170,183,142,174,181,,,,,,,,,,,,,,,,,,
19,136,64,,,161,156,171,183,142,173,179,,,,,,,,,,,,,,,,,,
21,137,67,,,159,153,158,183,143,173,179,,,,,,,,,,,,,,,,,,
21,137,74,,,159,154,162,180,143,168,170,,,,,,,,,,,,,,,,,,
21,141,76,,,163,152,162,184,143,168,170,,,,,,,,,,,,,,,,,,
22,143,78,,,163,147,164,184,143,169,175,,,,,,,,,,,,,,,,,,
23,145,78,,,162,149,178,184,140,169,175,,,,,,,,,,,,,,,,,,
24,150,76,,,162,149,179,184,140,169,186,,,,,,,,,,,,,,,,,,
30,155,79,,,165,147,177,183,142,169,186,,,,,,,,,,,,,,,,,,
34,156,88,,,165,148,168,183,142,169,185,,,,,,,,,,,,,,,,,,
32,153,91,,,168,150,166,184,140,169,176,,,,,,,,,,,,,,,,,,
44,148,94,,,168,150,166,184,141,168,174,,,,,,,,,,,,,,,,,,
49,139,98,,,170,148,166,191,138,168,174,,,,,,,,,,,,,,,,,,
48,143,98,,,169,148,166,191,138,171,172,,,,,,,,,,,,,,,,,,
44,139,98,,,171,150,165,193,140,171,174,,,,,,,,,,,,,,,,,,
38,135,98,,,171,150,165,193,139,172,172,,,,,,,,,,,,,,,,,,
38,133,99,,,170,152,173,196,139,172,172,,,,,,,,,,,,,,,,,,
37,133,99,,,170,152,173,196,139,172,177,,,,,,,,,,,,,,,,,,
37,132,102,,,169,151,172,193,141,172,177,,,,,,,,,,,,,,,,,,
42,132,102,,,169,150,169,193,141,175,178,,,,,,,,,,,,,,,,,,
49,135,106,,,168,153,169,196,143,175,178,,,,,,,,,,,,,,,,,,
54,135,109,,,168,156,169,196,145,174,175,,,,,,,,,,,,,,,,,,
59,129,109,,,169,156,166,192,145,174,175,,,,,,,,,,,,,,,,,,
63,129,105,,,169,155,165,192,145,171,175,,,,,,,,,,,,,,,,,,
61,129,111,,,165,155,161,193,149,171,176,,,,,,,,,,,,,,,,,,
63,133,109,,,165,166,161,193,147,171,175,,,,,,,,,,,,,,,,,,
61,141,108,,,163,164,162,175,149,171,170,,,,,,,,,,,,,,,,,,
57,141,112,,,163,158,162,167,149,173,170,,,,,,,,,,,,,,,,,,
61,139,110,,,164,156,161,166,153,173,172,,,,,,,,,,,,,,,,,,
58,139,110,,,164,160,161,169,153,175,172,,,,,,,,,,,,,,,,,,
58,140,110,,,160,157,157,166,154,175,179,,,,,,,,,,,,,,,,,,
54,137,105,,,160,160,154,173,154,171,179,,,,,,,,,,,,,,,,,,
54,138,105,,,158,155,151,171,158,171,176,,,,,,,,,,,,,,,,,,
49,137,105,,,158,151,154,165,158,167,173,,,,,,,,,,,,,,,,,,
49,137,104,,,155,152,157,171,160,167,171,,,,,,,,,,,,,,,,,,
51,140,99,,,155,149,155,165,157,165,171,,,,,,,,,,,,,,,,,,
51,143,102,,,151,146,152,170,159,165,172,,,,,,,,,,,,,,,,,,
47,143,101,,,151,155,157,163,161,172,172,,,,,,,,,,,,,,,,,,
47,147,96,,,149,159,157,161,161,172,171,,,,,,,,,,,,,,,,,,
42,150,96,,,149,163,159,157,162,171,171,,,,,,,,,,,,,,,,,,
42,149,92,,,147,161,161,159,160,171,178,,,,,,,,,,,,,,,,,,
38,151,96,,,147,160,165,167,160,160,176,,,,,,,,,,,,,,,,,,
38,150,96,,,148,169,161,167,161,160,173,,,,,,,,,,,,,,,,,,
43,147,98,,,148,169,161,164,161,162,176,,,,,,,,,,,,,,,,,,
43,148,98,,,147,158,163,164,161,167,175,,,,,,,,,,,,,,,,,,
43,149,92,,,147,158,163,167,161,167,177,,,,,,,,,,,,,,,,,,
43,148,91,,,145,157,161,167,161,167,177,,,,,,,,,,,,,,,,,,
45,143,84,,,145,157,161,167,161,165,181,,,,,,,,,,,,,,,,,,
45,147,71,,,140,173,163,167,158,163,180,,,,,,,,,,,,,,,,,,
41,148,76,,,140,173,163,169,158,168,178,,,,,,,,,,,,,,,,,,
41,154,72,,,143,169,168,169,159,166,,,,,,,,,,,,,,,,,,,
37,154,65,,,143,163,168,168,159,165,,,,,,,,,,,,,,,,,,,
39,154,63,,,145,164,169,168,160,161,,,,,,,,,,,,,,,,,,,
32,154,70,,,145,164,169,167,160,160,,,,,,,,,,,,,,,,,,,
31,153,66,,,145,161,168,167,163,159,,,,,,,,,,,,,,,,,,,
31,153,63,,,143,159,168,167,163,159,,,,,,,,,,,,,,,,,,,
33,151,63,,,145,158,172,167,164,162,,,,,,,,,,,,,,,,,,,
37,151,66,,,145,158,170,168,164,158,,,,,,,,,,,,,,,,,,,
37,152,65,,,149,158,170,168,167,157,,,,,,,,,,,,,,,,,,,
35,152,66,,,149,158,170,170,167,157,,,,,,,,,,,,,,,,,,,
39,153,65,,,151,158,173,170,163,159,,,,,,,,,,,,,,,,,,,
43,154,65,,,149,158,173,169,163,159,,,,,,,,,,,,,,,,,,,
42,156,65,,,144,160,171,165,163,159,,,,,,,,,,,,,,,,,,,
42,156,65,,,144,160,170,165,163,161,,,,,,,,,,,,,,,,,,,
44,162,64,,,144,158,161,167,167,161,,,,,,,,,,,,,,,,,,,
44,162,64,,,144,158,161,167,167,162,,,,,,,,,,,,,,,,,,,
48,154,64,,,147,158,166,167,170,162,,,,,,,,,,,,,,,,,,,
48,149,64,,,147,158,166,167,170,164,,,,,,,,,,,,,,,,,,,
54,144,61,,,144,158,166,168,172,162,,,,,,,,,,,,,,,,,,,
54,142,61,,,144,158,166,168,174,166,,,,,,,,,,,,,,,,,,,
54,146,61,,,147,154,168,165,172,167,,,,,,,,,,,,,,,,,,,
54,153,246,,,147,154,168,164,172,167,,,,,,,,,,,,,,,,,,,
56,152,249,,,147,161,167,167,165,162,,,,,,,,,,,,,,,,,,,
56,153,246,,,147,161,167,167,165,161,,,,,,,,,,,,,,,,,,,
59,146,241,,,147,162,168,172,168,160,,,,,,,,,,,,,,,,,,,
59,143,240,,,147,156,168,173,168,162,,,,,,,,,,,,,,,,,,,
60,141,242,,,149,157,170,172,186,165,,,,,,,,,,,,,,,,,,,
58,133,233,,,149,157,171,172,186,163,,,,,,,,,,,,,,,,,,,
56,131,233,,,147,156,165,169,187,161,,,,,,,,,,,,,,,,,,,
56,131,232,,,147,158,165,169,179,161,,,,,,,,,,,,,,,,,,,
56,130,235,,,146,152,167,163,176,161,,,,,,,,,,,,,,,,,,,
56,130,234,,,146,152,167,163,176,165,,,,,,,,,,,,,,,,,,,
57,128,239,,,148,150,168,167,175,167,,,,,,,,,,,,,,,,,,,
57,128,239,,,148,150,168,167,175,164,,,,,,,,,,,,,,,,,,,
61,130,241,,,148,151,163,164,180,167,,,,,,,,,,,,,,,,,,,
61,130,239,,,148,151,163,164,181,167,,,,,,,,,,,,,,,,,,,
63,127,241,,,149,151,163,162,186,167,,,,,,,,,,,,,,,,,,,
63,127,243,,,149,151,163,162,185,167,,,,,,,,,,,,,,,,,,,
61,130,246,,,151,152,161,160,184,164,,,,,,,,,,,,,,,,,,,
61,131,248,,,151,151,161,160,183,162,,,,,,,,,,,,,,,,,,,
64,123,248,,,145,151,161,161,183,159,,,,,,,,,,,,,,,,,,,
64,123,251,,,145,151,159,161,178,159,,,,,,,,,,,,,,,,,,,
63,129,251,,,145,151,161,162,178,161,,,,,,,,,,,,,,,,,,,
63,131,254,,,145,151,169,162,181,160,,,,,,,,,,,,,,,,,,,
63,133,254,,,141,149,169,158,179,160,,,,,,,,,,,,,,,,,,,
67,131,253,,,141,149,173,157,181,162,,,,,,,,,,,,,,,,,,,
66,127,253,,,138,152,178,156,181,162,,,,,,,,,,,,,,,,,,,
69,129,252,,,140,152,176,156,181,165,,,,,,,,,,,,,,,,,,,
69,127,1,,,140,151,175,153,183,165,,,,,,,,,,,,,,,,,,,
71,130,1,,,141,152,171,154,181,167,,,,,,,,,,,,,,,,,,,
71,131,1,,,151,156,169,156,183,166,,,,,,,,,,,,,,,,,,,
70,131,3,,,151,156,168,156,183,166,,,,,,,,,,,,,,,,,,,
73,128,2,,,147,160,163,158,179,166,,,,,,,,,,,,,,,,,,,
72,128,7,,,147,159,162,158,180,166,,,,,,,,,,,,,,,,,,,
71,126,10,,,148,160,164,157,179,167,,,,,,,,,,,,,,,,,,,
77,120,10,,,148,160,168,157,179,167,,,,,,,,,,,,,,,,,,,
80,125,10,,,149,163,168,161,177,167,,,,,,,,,,,,,,,,,,,
80,129,9,,,149,163,173,161,180,166,,,,,,,,,,,,,,,,,,,
81,130,7,,,153,161,173,160,180,166,,,,,,,,,,,,,,,,,,,
81,135,3,,,168,161,174,160,175,165,,,,,,,,,,,,,,,,,,,
80,133,2,,,154,160,173,160,175,165,,,,,,,,,,,,,,,,,,,
80,135,1,,,157,160,177,160,171,165,,,,,,,,,,,,,,,,,,,
83,142,253,,,156,158,177,158,173,165,,,,,,,,,,,,,,,,,,,
83,148,253,,,149,158,172,158,172,167,,,,,,,,,,,,,,,,,,,
82,147,253,,,145,157,171,156,174,167,,,,,,,,,,,,,,,,,,,
82,149,252,,,141,159,168,156,173,163,,,,,,,,,,,,,,,,,,,
84,152,250,,,143,153,171,154,175,163,,,,,,,,,,,,,,,,,,,
84,152,250,,,140,154,171,154,177,163,,,,,,,,,,,,,,,,,,,
82,150,246,,,139,157,168,154,175,165,,,,,,,,,,,,,,,,,,,
82,150,243,,,140,159,168,153,176,164,,,,,,,,,,,,,,,,,,,
86,155,244,,,145,175,168,153,172,164,,,,,,,,,,,,,,,,,,,
86,160,248,,,142,172,167,153,172,166,,,,,,,,,,,,,,,,,,,
88,159,248,,,150,170,167,147,171,166,,,,,,,,,,,,,,,,,,,
88,159,250,,,152,164,166,146,170,168,,,,,,,,,,,,,,,,,,,
88,160,252,,,156,167,172,149,169,168,,,,,,,,,,,,,,,,,,,
87,160,253,,,156,167,172,149,169,173,,,,,,,,,,,,,,,,,,,
87,162,248,,,156,170,172,148,167,173,,,,,,,,,,,,,,,,,,,
87,162,246,,,156,170,163,148,167,174,,,,,,,,,,,,,,,,,,,
85,158,245,,,158,165,163,148,165,174,,,,,,,,,,,,,,,,,,,
85,160,244,,,158,165,160,148,165,172,,,,,,,,,,,,,,,,,,,
90,168,243,,,160,162,161,151,167,172,,,,,,,,,,,,,,,,,,,
90,174,243,,,160,162,158,151,171,173,,,,,,,,,,,,,,,,,,,
88,173,243,,,161,158,155,151,167,173,,,,,,,,,,,,,,,,,,,
88,177,243,,,161,156,155,154,167,173,,,,,,,,,,,,,,,,,,,
87,178,244,,,165,156,154,155,168,173,,,,,,,,,,,,,,,,,,,
87,174,244,,,165,156,154,157,170,173,,,,,,,,,,,,,,,,,,,
85,176,242,,,164,154,154,154,173,173,,,,,,,,,,,,,,,,,,,
85,174,242,,,164,155,151,155,177,172,,,,,,,,,,,,,,,,,,,
85,171,243,,,163,157,151,149,177,172,,,,,,,,,,,,,,,,,,,
85,175,245,,,163,158,151,144,170,171,,,,,,,,,,,,,,,,,,,
84,180,252,,,163,158,151,143,172,171,,,,,,,,,,,,,,,,,,,
84,181,254,,,163,156,145,146,172,171,,,,,,,,,,,,,,,,,,,
84,186,253,,,177,160,143,143,172,171,,,,,,,,,,,,,,,,,,,
84,186,254,,,177,159,142,152,178,171,,,,,,,,,,,,,,,,,,,
85,177,252,,,176,157,139,152,178,171,,,,,,,,,,,,,,,,,,,
85,177,250,,,170,155,139,152,178,173,,,,,,,,,,,,,,,,,,,
83,181,250,,,172,154,144,146,174,173,,,,,,,,,,,,,,,,,,,
81,181,248,,,172,153,144,146,174,175,,,,,,,,,,,,,,,,,,,
78,204,244,,,174,156,146,148,175,175,,,,,,,,,,,,,,,,,,,
78,204,246,,,174,154,143,148,175,177,,,,,,,,,,,,,,,,,,,
77,211,246,,,173,155,140,150,172,177,,,,,,,,,,,,,,,,,,,
75,196,245,,,173,155,140,150,172,179,,,,,,,,,,,,,,,,,,,
76,193,248,,,171,153,142,148,173,179,,,,,,,,,,,,,,,,,,,
75,193,248,,,171,151,143,148,173,178,,,,,,,,,,,,,,,,,,,
72,195,249,,,173,151,171,146,172,178,,,,,,,,,,,,,,,,,,,
70,195,249,,,173,151,162,146,172,177,,,,,,,,,,,,,,,,,,,
70,205,248,,,174,153,154,145,175,177,,,,,,,,,,,,,,,,,,,
73,205,248,,,174,153,148,145,176,167,,,,,,,,,,,,,,,,,,,
70,209,250,,,174,158,157,145,176,167,,,,,,,,,,,,,,,,,,,
70,215,250,,,174,158,167,145,176,166,,,,,,,,,,,,,,,,,,,
71,213,251,,,170,163,175,149,180,166,,,,,,,,,,,,,,,,,,,
71,203,251,,,170,163,170,149,182,189,,,,,,,,,,,,,,,,,,,
75,196,252,,,170,165,163,149,183,189,,,,,,,,,,,,,,,,,,,
75,196,252,,,170,165,159,146,183,189,,,,,,,,,,,,,,,,,,,
75,199,252,,,172,165,157,146,184,174,,,,,,,,,,,,,,,,,,,
75,211,252,,,172,165,158,146,178,174,,,,,,,,,,,,,,,,,,,
74,215,252,,,176,161,158,145,167,174,,,,,,,,,,,,,,,,,,,
74,217,252,,,176,166,160,146,167,175,,,,,,,,,,,,,,,,,,,
73,204,160,,,177,166,,140,165,172,,,,,,,,,,,,,,,,,,,
74,203,162,,,177,166,,140,165,174,,,,,,,,,,,,,,,,,,,
72,198,162,,,176,162,,142,180,174,,,,,,,,,,,,,,,,,,,
72,197,163,,,176,162,,142,180,170,,,,,,,,,,,,,,,,,,,
70,193,163,,,176,162,,138,182,173,,,,,,,,,,,,,,,,,,,
69,193,159,,,176,162,,138,175,174,,,,,,,,,,,,,,,,,,,
69,189,159,,,173,159,,142,175,174,,,,,,,,,,,,,,,,,,,
69,190,158,,,173,159,,142,175,175,,,,,,,,,,,,,,,,,,,
67,188,158,,,171,158,,146,175,175,,,,,,,,,,,,,,,,,,,
67,188,162,,,171,156,,147,174,175,,,,,,,,,,,,,,,,,,,
65,183,162,,,170,159,,147,175,175,,,,,,,,,,,,,,,,,,,
65,183,159,,,170,159,,147,175,176,,,,,,,,,,,,,,,,,,,
63,184,159,,,168,163,,142,173,176,,,,,,,,,,,,,,,,,,,
63,184,160,,,168,163,,142,173,176,,,,,,,,,,,,,,,,,,,
63,182,160,,,166,160,,143,175,176,,,,,,,,,,,,,,,,,,,
63,182,157,,,166,160,,143,175,178,,,,,,,,,,,,,,,,,,,
63,180,157,,,165,163,,143,171,178,,,,,,,,,,,,,,,,,,,
63,180,156,,,165,163,,143,171,178,,,,,,,,,,,,,,,,,,,
61,181,160,,,161,162,,143,171,178,,,,,,,,,,,,,,,,,,,
61,181,161,,,161,162,,142,173,176,,,,,,,,,,,,,,,,,,,
58,180,161,,,161,165,,140,170,176,,,,,,,,,,,,,,,,,,,
58,180,159,,,161,165,,140,170,175,,,,,,,,,,,,,,,,,,,
55,179,159,,,160,165,,142,170,175,,,,,,,,,,,,,,,,,,,
55,179,159,,,160,165,,143,170,171,,,,,,,,,,,,,,,,,,,
52,181,159,,,161,168,,143,169,171,,,,,,,,,,,,,,,,,,,
50,181,156,,,161,168,,143,169,175,,,,,,,,,,,,,,,,,,,
48,182,156,,,159,162,,147,169,175,,,,,,,,,,,,,,,,,,,
49,182,156,,,159,162,,147,169,176,,,,,,,,,,,,,,,,,,,
46,181,157,,,159,158,,149,168,176,,,,,,,,,,,,,,,,,,,
46,181,157,,,159,158,,149,167,175,,,,,,,,,,,,,,,,,,,
43,180,157,,,161,157,,147,166,175,,,,,,,,,,,,,,,,,,,
40,181,159,,,161,157,,147,166,174,,,,,,,,,,,,,,,,,,,
35,181,159,,,162,158,,145,163,173,,,,,,,,,,,,,,,,,,,
33,181,153,,,162,159,,145,163,174,,,,,,,,,,,,,,,,,,,
29,178,153,,,161,156,,150,166,174,,,,,,,,,,,,,,,,,,,
27,178,156,,,161,156,,150,166,173,,,,,,,,,,,,,,,,,,,
31,174,156,,,159,155,,148,169,174,,,,,,,,,,,,,,,,,,,
28,174,153,,,159,156,,147,169,168,,,,,,,,,,,,,,,,,,,
26,168,149,,,159,158,,146,169,168,,,,,,,,,,,,,,,,,,,
26,168,148,,,159,158,,146,169,165,,,,,,,,,,,,,,,,,,,
30,168,148,,,156,160,,152,176,165,,,,,,,,,,,,,,,,,,,
30,169,142,,,156,160,,152,176,163,,,,,,,,,,,,,,,,,,,
34,171,142,,,155,160,,153,175,163,,,,,,,,,,,,,,,,,,,
34,171,145,,,153,160,,153,175,166,,,,,,,,,,,,,,,,,,,
30,177,145,,,151,158,,156,173,166,,,,,,,,,,,,,,,,,,,
26,176,150,,,151,158,,156,173,164,,,,,,,,,,,,,,,,,,,
28,175,150,,,153,163,,151,172,165,,,,,,,,,,,,,,,,,,,
28,175,146,,,153,161,,152,177,164,,,,,,,,,,,,,,,,,,,
29,174,145,,,154,164,,151,174,164,,,,,,,,,,,,,,,,,,,
29,174,144,,,153,164,,151,177,163,,,,,,,,,,,,,,,,,,,
31,175,144,,,152,156,,153,179,163,,,,,,,,,,,,,,,,,,,
31,175,144,,,152,156,,153,179,163,,,,,,,,,,,,,,,,,,,
26,174,143,,,151,150,,154,181,163,,,,,,,,,,,,,,,,,,,
26,174,143,,,151,150,,154,179,159,,,,,,,,,,,,,,,,,,,
27,171,143,,,153,158,,158,177,159,,,,,,,,,,,,,,,,,,,
27,171,148,,,153,158,,158,174,161,,,,,,,,,,,,,,,,,,,
23,165,148,,,155,154,,158,177,161,,,,,,,,,,,,,,,,,,,
23,165,142,,,155,151,,159,175,156,,,,,,,,,,,,,,,,,,,
25,161,142,,,157,151,,157,175,156,,,,,,,,,,,,,,,,,,,
25,161,137,,,157,151,,157,175,157,,,,,,,,,,,,,,,,,,,
23,155,137,,,159,148,,158,178,157,,,,,,,,,,,,,,,,,,,
23,141,138,,,159,148,,156,178,157,,,,,,,,,,,,,,,,,,,
20,141,139,,,159,146,,157,174,157,,,,,,,,,,,,,,,,,,,
20,141,137,,,159,146,,157,174,160,,,,,,,,,,,,,,,,,,,
24,139,137,,,160,144,,160,174,160,,,,,,,,,,,,,,,,,,,
25,139,139,,,160,144,,160,170,159,,,,,,,,,,,,,,,,,,,
27,137,138,,,159,152,,160,171,159,,,,,,,,,,,,,,,,,,,
24,137,135,,,159,152,,159,171,159,,,,,,,,,,,,,,,,,,,
23,139,135,,,158,156,,159,173,159,,,,,,,,,,,,,,,,,,,
21,139,132,,,158,156,,159,170,161,,,,,,,,,,,,,,,,,,,
19,143,132,,,155,155,,163,170,161,,,,,,,,,,,,,,,,,,,
13,143,132,,,155,154,,164,168,163,,,,,,,,,,,,,,,,,,,
11,141,125,,,155,151,,165,166,163,,,,,,,,,,,,,,,,,,,
10,141,126,,,155,151,,165,171,161,,,,,,,,,,,,,,,,,,,
9,142,125,,,158,152,,162,172,161,,,,,,,,,,,,,,,,,,,
8,142,125,,,158,153,,162,172,163,,,,,,,,,,,,,,,,,,,
11,139,144,,,159,151,,162,171,163,,,,,,,,,,,,,,,,,,,
11,139,143,,,159,151,,161,171,166,,,,,,,,,,,,,,,,,,,
6,134,142,,,159,155,,161,171,166,,,,,,,,,,,,,,,,,,,
11,134,133,,,159,156,,163,171,168,,,,,,,,,,,,,,,,,,,
13,133,135,,,161,154,,163,175,168,,,,,,,,,,,,,,,,,,,
9,133,135,,,161,152,,162,175,168,,,,,,,,,,,,,,,,,,,
8,130,141,,,158,153,,162,171,167,,,,,,,,,,,,,,,,,,,
11,130,138,,,158,158,,160,171,168,,,,,,,,,,,,,,,,,,,
15,131,138,,,161,162,,159,176,168,,,,,,,,,,,,,,,,,,,
13,131,140,,,161,163,,157,172,167,,,,,,,,,,,,,,,,,,,
13,135,139,,,162,161,,158,172,167,,,,,,,,,,,,,,,,,,,
15,135,140,,,162,161,,161,173,170,,,,,,,,,,,,,,,,,,,
17,128,140,,,162,165,,165,173,170,,,,,,,,,,,,,,,,,,,
20,128,137,,,162,165,,165,176,171,,,,,,,,,,,,,,,,,,,
24,130,137,,,161,165,,165,174,171,,,,,,,,,,,,,,,,,,,
24,130,142,,,161,165,,163,174,172,,,,,,,,,,,,,,,,,,,
26,140,142,,,161,164,,162,174,172,,,,,,,,,,,,,,,,,,,
26,140,142,,,161,164,,162,174,170,,,,,,,,,,,,,,,,,,,
30,137,142,,,161,155,,160,178,170,,,,,,,,,,,,,,,,,,,
38,128,144,,,161,155,,160,178,170,,,,,,,,,,,,,,,,,,,
44,124,144,,,161,153,,161,180,170,,,,,,,,,,,,,,,,,,,
48,124,144,,,160,153,,161,180,185,,,,,,,,,,,,,,,,,,,
49,129,142,,,159,152,,155,181,185,,,,,,,,,,,,,,,,,,,
50,130,142,,,159,152,,155,180,184,,,,,,,,,,,,,,,,,,,
57,134,143,,,157,154,,159,179,184,,,,,,,,,,,,,,,,,,,
55,137,143,,,158,154,,160,178,173,,,,,,,,,,,,,,,,,,,
53,132,153,,,158,149,,158,179,173,,,,,,,,,,,,,,,,,,,
61,132,153,,,158,149,,158,179,168,,,,,,,,,,,,,,,,,,,
61,132,153,,,160,148,,158,180,166,,,,,,,,,,,,,,,,,,,
65,135,150,,,160,148,,159,175,167,,,,,,,,,,,,,,,,,,,
74,138,149,,,159,152,,159,178,167,,,,,,,,,,,,,,,,,,,
74,143,148,,,159,152,,159,176,164,,,,,,,,,,,,,,,,,,,
79,151,147,,,159,149,,162,179,167,,,,,,,,,,,,,,,,,,,
77,150,150,,,159,147,,162,171,165,,,,,,,,,,,,,,,,,,,
82,148,151,,,162,147,,158,169,165,,,,,,,,,,,,,,,,,,,
82,148,152,,,162,145,,158,169,164,,,,,,,,,,,,,,,,,,,
83,151,149,,,162,146,,158,171,164,,,,,,,,,,,,,,,,,,,
83,151,149,,,162,146,,158,184,163,,,,,,,,,,,,,,,,,,,
86,154,152,,,161,145,,158,186,163,,,,,,,,,,,,,,,,,,,
86,154,153,,,160,144,,157,186,165,,,,,,,,,,,,,,,,,,,
88,155,152,,,158,145,,157,182,165,,,,,,,,,,,,,,,,,,,
91,155,152,,,158,144,,157,182,168,,,,,,,,,,,,,,,,,,,
95,157,145,,,160,145,,153,183,168,,,,,,,,,,,,,,,,,,,
95,159,143,,,160,145,,153,183,167,,,,,,,,,,,,,,,,,,,
89,159,144,,,159,143,,157,178,167,,,,,,,,,,,,,,,,,,,
88,162,144,,,159,144,,157,178,169,,,,,,,,,,,,,,,,,,,
90,170,146,,,159,150,,169,180,169,,,,,,,,,,,,,,,,,,,
93,168,146,,,159,150,,169,180,168,,,,,,,,,,,,,,,,,,,
93,168,147,,,157,150,,171,177,168,,,,,,,,,,,,,,,,,,,
91,167,147,,,159,147,,165,177,169,,,,,,,,,,,,,,,,,,,
90,168,143,,,157,149,,163,177,168,,,,,,,,,,,,,,,,,,,
89,169,140,,,157,149,,159,175,165,,,,,,,,,,,,,,,,,,,
85,173,140,,,157,149,,157,173,165,,,,,,,,,,,,,,,,,,,
85,173,139,,,157,149,,156,173,165,,,,,,,,,,,,,,,,,,,
89,171,138,,,154,151,,156,176,165,,,,,,,,,,,,,,,,,,,
85,171,138,,,154,151,,157,176,162,,,,,,,,,,,,,,,,,,,
83,171,140,,,153,151,,160,175,162,,,,,,,,,,,,,,,,,,,
81,171,143,,,153,151,,159,173,159,,,,,,,,,,,,,,,,,,,
80,175,141,,,153,151,,161,176,159,,,,,,,,,,,,,,,,,,,
79,175,138,,,153,152,,157,176,157,,,,,,,,,,,,,,,,,,,
79,172,139,,,152,151,,156,176,156,,,,,,,,,,,,,,,,,,,
84,171,140,,,152,151,,156,177,158,,,,,,,,,,,,,,,,,,,
79,175,145,,,153,151,,154,176,158,,,,,,,,,,,,,,,,,,,
79,175,145,,,153,151,,154,178,158,,,,,,,,,,,,,,,,,,,
81,173,143,,,157,152,,158,179,159,,,,,,,,,,,,,,,,,,,
87,171,143,,,157,152,,158,177,158,,,,,,,,,,,,,,,,,,,
92,166,142,,,157,155,,162,176,158,,,,,,,,,,,,,,,,,,,
92,170,142,,,157,155,,162,174,159,,,,,,,,,,,,,,,,,,,
95,163,144,,,156,155,,161,175,158,,,,,,,,,,,,,,,,,,,
95,161,144,,,156,155,,159,172,158,,,,,,,,,,,,,,,,,,,
98,251,146,,,159,152,,156,172,158,,,,,,,,,,,,,,,,,,,
142,251,146,,,159,152,,156,172,161,,,,,,,,,,,,,,,,,,,
141,251,145,,,159,151,,153,172,161,,,,,,,,,,,,,,,,,,,
141,0,144,,,159,156,,152,172,163,,,,,,,,,,,,,,,,,,,
143,250,144,,,158,158,,157,174,163,,,,,,,,,,,,,,,,,,,
143,249,144,,,158,160,,157,174,165,,,,,,,,,,,,,,,,,,,
142,250,138,,,155,160,,153,174,165,,,,,,,,,,,,,,,,,,,
147,250,138,,,155,160,,152,174,163,,,,,,,,,,,,,,,,,,,
146,247,142,,,153,158,,148,174,163,,,,,,,,,,,,,,,,,,,
144,253,142,,,153,157,,152,174,161,,,,,,,,,,,,,,,,,,,
143,253,156,,,153,161,,152,175,161,,,,,,,,,,,,,,,,,,,
137,252,156,,,153,160,,152,174,161,,,,,,,,,,,,,,,,,,,
137,251,154,,,150,159,,150,175,160,,,,,,,,,,,,,,,,,,,
141,247,147,,,150,165,,151,175,162,,,,,,,,,,,,,,,,,,,
145,247,151,,,151,163,,152,177,162,,,,,,,,,,,,,,,,,,,
145,248,151,,,151,163,,156,177,162,,,,,,,,,,,,,,,,,,,
141,247,152,,,153,163,,155,173,162,,,,,,,,,,,,,,,,,,,
143,250,152,,,153,163,,157,173,160,,,,,,,,,,,,,,,,,,,
145,13,150,,,153,164,,153,172,160,,,,,,,,,,,,,,,,,,,
149,8,150,,,153,164,,153,172,162,,,,,,,,,,,,,,,,,,,
146,7,149,,,154,161,,152,172,162,,,,,,,,,,,,,,,,,,,
140,14,149,,,154,161,,152,174,163,,,,,,,,,,,,,,,,,,,
139,9,149,,,156,161,,145,172,163,,,,,,,,,,,,,,,,,,,
137,9,149,,,156,163,,145,172,162,,,,,,,,,,,,,,,,,,,
147,5,148,,,159,164,,145,175,162,,,,,,,,,,,,,,,,,,,
146,251,148,,,159,164,,145,175,164,,,,,,,,,,,,,,,,,,,
146,253,150,,,163,154,,144,174,165,,,,,,,,,,,,,,,,,,,
143,3,149,,,164,154,,144,174,167,,,,,,,,,,,,,,,,,,,
143,6,145,,,164,158,,145,173,167,,,,,,,,,,,,,,,,,,,
148,11,145,,,163,158,,145,173,168,,,,,,,,,,,,,,,,,,,
146,8,144,,,158,176,,146,176,167,,,,,,,,,,,,,,,,,,,
147,2,144,,,156,176,,146,176,165,,,,,,,,,,,,,,,,,,,
153,0,139,,,156,174,,139,179,165,,,,,,,,,,,,,,,,,,,
151,3,139,,,155,165,,139,179,164,,,,,,,,,,,,,,,,,,,
150,3,137,,,153,163,,147,179,164,,,,,,,,,,,,,,,,,,,
152,7,137,,,153,163,,147,179,166,,,,,,,,,,,,,,,,,,,
151,11,139,,,154,163,,147,176,166,,,,,,,,,,,,,,,,,,,
152,12,140,,,157,164,,146,176,166,,,,,,,,,,,,,,,,,,,
152,10,142,,,159,164,,151,177,166,,,,,,,,,,,,,,,,,,,
156,10,142,,,161,164,,151,177,168,,,,,,,,,,,,,,,,,,,
158,16,146,,,159,166,,149,177,168,,,,,,,,,,,,,,,,,,,
232,16,146,,,159,166,,149,177,167,,,,,,,,,,,,,,,,,,,
229,17,148,,,157,168,,153,178,167,,,,,,,,,,,,,,,,,,,
232,15,148,,,157,168,,152,178,168,,,,,,,,,,,,,,,,,,,
231,15,146,,,158,168,,153,178,169,,,,,,,,,,,,,,,,,,,
232,11,146,,,158,168,,154,178,166,,,,,,,,,,,,,,,,,,,
228,11,147,,,157,167,,153,176,166,,,,,,,,,,,,,,,,,,,
222,7,145,,,157,169,,153,176,165,,,,,,,,,,,,,,,,,,,
224,4,144,,,155,173,,152,176,165,,,,,,,,,,,,,,,,,,,
219,5,149,,,157,173,,153,176,164,,,,,,,,,,,,,,,,,,,
221,3,147,,,157,164,,152,178,164,,,,,,,,,,,,,,,,,,,
221,1,150,,,160,164,,154,178,164,,,,,,,,,,,,,,,,,,,
218,1,151,,,159,167,,154,178,164,,,,,,,,,,,,,,,,,,,
218,1,149,,,160,167,,155,178,164,,,,,,,,,,,,,,,,,,,
219,1,147,,,160,182,,159,178,164,,,,,,,,,,,,,,,,,,,
220,253,145,,,161,185,,159,178,162,,,,,,,,,,,,,,,,,,,
217,253,144,,,160,183,,157,178,162,,,,,,,,,,,,,,,,,,,
216,255,145,,,161,175,,157,178,162,,,,,,,,,,,,,,,,,,,
217,255,145,,,159,174,,155,180,162,,,,,,,,,,,,,,,,,,,
217,252,145,,,161,173,,155,181,160,,,,,,,,,,,,,,,,,,,
214,252,147,,,161,175,,159,182,160,,,,,,,,,,,,,,,,,,,
214,251,147,,,161,175,,155,182,162,,,,,,,,,,,,,,,,,,,
207,251,151,,,160,175,,154,182,162,,,,,,,,,,,,,,,,,,,
203,247,151,,,160,175,,155,182,164,,,,,,,,,,,,,,,,,,,
204,247,148,,,160,173,,157,182,164,,,,,,,,,,,,,,,,,,,
202,249,145,,,160,173,,159,182,161,,,,,,,,,,,,,,,,,,,
199,249,147,,,159,171,,157,182,161,,,,,,,,,,,,,,,,,,,
181,243,146,,,159,172,,159,182,163,,,,,,,,,,,,,,,,,,,
177,243,151,,,159,170,,157,182,161,,,,,,,,,,,,,,,,,,,
184,244,145,,,159,170,,157,182,163,,,,,,,,,,,,,,,,,,,
182,244,147,,,154,172,,156,184,162,,,,,,,,,,,,,,,,,,,
182,240,145,,,154,172,,155,184,163,,,,,,,,,,,,,,,,,,,
186,239,143,,,152,171,,158,184,156,,,,,,,,,,,,,,,,,,,
193,243,145,,,152,171,,158,184,153,,,,,,,,,,,,,,,,,,,
191,243,145,,,170,169,,157,186,153,,,,,,,,,,,,,,,,,,,
191,244,143,,,170,169,,157,186,152,,,,,,,,,,,,,,,,,,,
189,243,145,,,170,168,,161,187,169,,,,,,,,,,,,,,,,,,,
190,244,145,,,158,168,,160,187,172,,,,,,,,,,,,,,,,,,,
190,245,143,,,156,171,,160,184,172,,,,,,,,,,,,,,,,,,,
190,241,143,,,156,171,,160,184,164,,,,,,,,,,,,,,,,,,,
191,241,145,,,154,168,,161,186,164,,,,,,,,,,,,,,,,,,,
191,241,144,,,152,168,,161,186,164,,,,,,,,,,,,,,,,,,,
194,242,144,,,153,165,,156,186,164,,,,,,,,,,,,,,,,,,,
198,239,144,,,153,165,,156,186,169,,,,,,,,,,,,,,,,,,,
198,239,145,,,158,163,,157,186,169,,,,,,,,,,,,,,,,,,,
198,237,145,,,158,163,,157,186,169,,,,,,,,,,,,,,,,,,,
198,237,144,,,156,157,,160,177,169,,,,,,,,,,,,,,,,,,,
200,236,144,,,156,157,,160,177,169,,,,,,,,,,,,,,,,,,,
199,232,146,,,160,156,,160,177,169,,,,,,,,,,,,,,,,,,,
199,233,146,,,160,156,,160,177,168,,,,,,,,,,,,,,,,,,,
199,233,146,,,160,159,,163,192,168,,,,,,,,,,,,,,,,,,,
201,232,145,,,159,158,,163,192,167,,,,,,,,,,,,,,,,,,,
201,235,142,,,155,158,,162,190,167,,,,,,,,,,,,,,,,,,,
200,241,142,,,155,158,,162,181,168,,,,,,,,,,,,,,,,,,,
200,240,140,,,152,156,,158,179,168,,,,,,,,,,,,,,,,,,,
199,241,140,,,152,156,,158,179,168,,,,,,,,,,,,,,,,,,,
194,243,140,,,154,153,,157,180,168,,,,,,,,,,,,,,,,,,,
195,244,145,,,154,153,,158,180,166,,,,,,,,,,,,,,,,,,,
194,244,145,,,162,153,,154,176,166,,,,,,,,,,,,,,,,,,,
195,244,145,,,162,155,,154,176,165,,,,,,,,,,,,,,,,,,,
197,244,143,,,159,158,,152,176,165,,,,,,,,,,,,,,,,,,,
197,247,148,,,152,156,,152,176,169,,,,,,,,,,,,,,,,,,,
197,247,146,,,154,158,,154,174,169,,,,,,,,,,,,,,,,,,,
193,245,148,,,154,157,,154,174,167,,,,,,,,,,,,,,,,,,,
192,245,145,,,156,159,,154,175,167,,,,,,,,,,,,,,,,,,,
194,247,149,,,157,159,,154,175,168,,,,,,,,,,,,,,,,,,,
196,247,151,,,154,156,,151,172,168,,,,,,,,,,,,,,,,,,,
196,245,154,,,154,152,,151,171,171,,,,,,,,,,,,,,,,,,,
192,245,149,,,153,151,,150,171,171,,,,,,,,,,,,,,,,,,,
193,246,149,,,153,154,,150,171,172,,,,,,,,,,,,,,,,,,,
193,246,151,,,151,150,,154,163,172,,,,,,,,,,,,,,,,,,,
196,245,151,,,151,149,,154,163,173,,,,,,,,,,,,,,,,,,,
192,245,152,,,152,149,,154,163,172,,,,,,,,,,,,,,,,,,,
192,243,152,,,152,149,,154,163,169,,,,,,,,,,,,,,,,,,,
190,243,149,,,152,151,,148,175,169,,,,,,,,,,,,,,,,,,,
189,241,150,,,151,150,,148,175,169,,,,,,,,,,,,,,,,,,,
188,241,151,,,149,153,,148,176,169,,,,,,,,,,,,,,,,,,,
189,248,154,,,149,153,,148,170,167,,,,,,,,,,,,,,,,,,,
190,253,156,,,144,151,,160,174,167,,,,,,,,,,,,,,,,,,,
188,249,154,,,144,151,,160,174,166,,,,,,,,,,,,,,,,,,,
186,251,149,,,144,151,,160,169,166,,,,,,,,,,,,,,,,,,,
190,248,144,,,144,150,,152,169,166,,,,,,,,,,,,,,,,,,,
188,247,150,,,144,156,,156,173,167,,,,,,,,,,,,,,,,,,,
187,251,152,,,144,156,,156,173,169,,,,,,,,,,,,,,,,,,,
186,251,148,,,141,158,,159,170,169,,,,,,,,,,,,,,,,,,,
186,249,147,,,140,159,,161,170,169,,,,,,,,,,,,,,,,,,,
188,251,145,,,143,159,,162,172,168,,,,,,,,,,,,,,,,,,,
188,251,145,,,143,159,,162,172,168,,,,,,,,,,,,,,,,,,,
187,252,143,,,141,158,,159,176,168,,,,,,,,,,,,,,,,,,,
190,254,143,,,141,158,,159,176,167,,,,,,,,,,,,,,,,,,,
187,254,136,,,141,157,,156,177,167,,,,,,,,,,,,,,,,,,,
186,1,136,,,141,156,,156,177,169,,,,,,,,,,,,,,,,,,,
182,1,136,,,142,154,,159,180,169,,,,,,,,,,,,,,,,,,,
182,4,136,,,142,157,,160,180,168,,,,,,,,,,,,,,,,,,,
183,6,134,,,138,153,,165,182,168,,,,,,,,,,,,,,,,,,,
185,11,134,,,138,152,,168,182,168,,,,,,,,,,,,,,,,,,,
187,13,140,,,136,156,,168,181,168,,,,,,,,,,,,,,,,,,,
188,21,140,,,136,161,,166,181,169,,,,,,,,,,,,,,,,,,,
186,20,140,,,137,159,,161,186,169,,,,,,,,,,,,,,,,,,,
188,18,140,,,136,160,,163,186,171,,,,,,,,,,,,,,,,,,,
188,15,141,,,138,161,,163,183,171,,,,,,,,,,,,,,,,,,,
188,14,141,,,138,161,,160,180,172,,,,,,,,,,,,,,,,,,,
186,15,145,,,138,163,,162,184,172,,,,,,,,,,,,,,,,,,,
185,14,145,,,138,163,,166,184,173,,,,,,,,,,,,,,,,,,,
183,12,145,,,135,161,,165,181,173,,,,,,,,,,,,,,,,,,,
183,9,145,,,135,160,,167,181,173,,,,,,,,,,,,,,,,,,,
185,9,143,,,140,163,,168,182,173,,,,,,,,,,,,,,,,,,,
185,5,143,,,140,163,,168,182,164,,,,,,,,,,,,,,,,,,,
184,5,143,,,140,161,,166,181,164,,,,,,,,,,,,,,,,,,,
186,6,143,,,141,161,,166,181,164,,,,,,,,,,,,,,,,,,,
186,6,144,,,142,157,,162,183,164,,,,,,,,,,,,,,,,,,,
188,6,145,,,142,157,,162,183,174,,,,,,,,,,,,,,,,,,,
188,6,146,,,141,155,,163,177,174,,,,,,,,,,,,,,,,,,,
191,5,150,,,140,155,,159,177,174,,,,,,,,,,,,,,,,,,,
188,5,150,,,143,153,,160,175,174,,,,,,,,,,,,,,,,,,,
187,6,148,,,143,153,,158,175,167,,,,,,,,,,,,,,,,,,,
185,6,147,,,146,153,,160,175,167,,,,,,,,,,,,,,,,,,,
182,11,152,,,146,153,,157,175,170,,,,,,,,,,,,,,,,,,,
184,11,148,,,149,153,,152,175,170,,,,,,,,,,,,,,,,,,,
186,9,154,,,149,152,,153,175,169,,,,,,,,,,,,,,,,,,,
185,9,158,,,150,152,,151,179,169,,,,,,,,,,,,,,,,,,,
188,5,159,,,151,152,,150,179,167,,,,,,,,,,,,,,,,,,,
186,5,160,,,150,155,,152,174,167,,,,,,,,,,,,,,,,,,,
190,3,160,,,152,155,,149,174,167,,,,,,,,,,,,,,,,,,,
190,3,159,,,152,155,,150,178,167,,,,,,,,,,,,,,,,,,,
190,253,158,,,150,155,,149,178,165,,,,,,,,,,,,,,,,,,,
195,253,159,,,152,156,,146,177,165,,,,,,,,,,,,,,,,,,,
194,252,159,,,154,156,,146,177,167,,,,,,,,,,,,,,,,,,,
194,252,153,,,156,160,,144,177,167,,,,,,,,,,,,,,,,,,,
193,247,153,,,154,159,,144,177,169,,,,,,,,,,,,,,,,,,,
190,247,154,,,157,157,,142,177,169,,,,,,,,,,,,,,,,,,,
190,251,154,,,157,157,,142,177,167,,,,,,,,,,,,,,,,,,,
190,251,154,,,158,143,,143,173,167,,,,,,,,,,,,,,,,,,,
199,250,154,,,165,143,,143,173,167,,,,,,,,,,,,,,,,,,,
198,,156,,,163,143,,144,169,167,,,,,,,,,,,,,,,,,,,
204,,156,,,163,143,,144,169,167,,,,,,,,,,,,,,,,,,,
208,,154,,,159,158,,144,175,167,,,,,,,,,,,,,,,,,,,
209,,152,,,159,158,,144,175,168,,,,,,,,,,,,,,,,,,,
210,,154,,,158,159,,148,173,168,,,,,,,,,,,,,,,,,,,
210,,155,,,158,150,,148,174,168,,,,,,,,,,,,,,,,,,,
215,,155,,,156,152,,146,176,168,,,,,,,,,,,,,,,,,,,
214,,150,,,156,152,,146,176,,,,,,,,,,,,,,,,,,,,
215,,142,,,156,151,,146,176,,,,,,,,,,,,,,,,,,,,
214,,147,,,159,152,,146,175,,,,,,,,,,,,,,,,,,,,
215,,142,,,161,151,,146,176,,,,,,,,,,,,,,,,,,,,
216,,144,,,163,151,,145,176,,,,,,,,,,,,,,,,,,,,
218,,163,,,162,151,,145,181,,,,,,,,,,,,,,,,,,,,
212,,163,,,161,151,,145,181,,,,,,,,,,,,,,,,,,,,
212,,164,,,157,152,,144,181,,,,,,,,,,,,,,,,,,,,
213,,156,,,155,152,,145,179,,,,,,,,,,,,,,,,,,,,
213,,156,,,155,155,,147,179,,,,,,,,,,,,,,,,,,,,
215,,156,,,159,155,,147,179,,,,,,,,,,,,,,,,,,,,
215,,158,,,161,153,,148,180,,,,,,,,,,,,,,,,,,,,
216,,158,,,160,153,,148,180,,,,,,,,,,,,,,,,,,,,
214,,156,,,160,154,,149,180,,,,,,,,,,,,,,,,,,,,
216,,156,,,160,154,,149,180,,,,,,,,,,,,,,,,,,,,
213,,165,,,157,148,,148,174,,,,,,,,,,,,,,,,,,,,
211,,165,,,157,148,,148,174,,,,,,,,,,,,,,,,,,,,
208,,168,,,153,150,,151,178,,,,,,,,,,,,,,,,,,,,
211,,165,,,153,150,,153,178,,,,,,,,,,,,,,,,,,,,
212,,167,,,151,160,,153,177,,,,,,,,,,,,,,,,,,,,
212,,164,,,151,160,,153,177,,,,,,,,,,,,,,,,,,,,
216,,165,,,150,158,,156,179,,,,,,,,,,,,,,,,,,,,
222,,165,,,150,155,,154,178,,,,,,,,,,,,,,,,,,,,
224,,165,,,149,153,,154,177,,,,,,,,,,,,,,,,,,,,
224,,167,,,149,153,,154,177,,,,,,,,,,,,,,,,,,,,
223,,167,,,152,157,,154,176,,,,,,,,,,,,,,,,,,,,
224,,168,,,153,157,,154,177,,,,,,,,,,,,,,,,,,,,
227,,169,,,153,154,,156,177,,,,,,,,,,,,,,,,,,,,
227,,164,,,153,154,,157,177,,,,,,,,,,,,,,,,,,,,
226,,165,,,152,153,,155,177,,,,,,,,,,,,,,,,,,,,
226,,166,,,152,153,,155,177,,,,,,,,,,,,,,,,,,,,
228,,164,,,150,153,,151,181,,,,,,,,,,,,,,,,,,,,
228,,164,,,150,153,,151,182,,,,,,,,,,,,,,,,,,,,
233,,163,,,149,153,,153,183,,,,,,,,,,,,,,,,,,,,
233,,163,,,149,153,,153,183,,,,,,,,,,,,,,,,,,,,
235,,160,,,146,153,,154,179,,,,,,,,,,,,,,,,,,,,
235,,160,,,146,153,,154,178,,,,,,,,,,,,,,,,,,,,
235,,162,,,148,153,,153,181,,,,,,,,,,,,,,,,,,,,
234,,163,,,148,153,,153,181,,,,,,,,,,,,,,,,,,,,
236,,161,,,148,150,,156,178,,,,,,,,,,,,,,,,,,,,
236,,161,,,148,150,,156,178,,,,,,,,,,,,,,,,,,,,
236,,159,,,149,148,,156,177,,,,,,,,,,,,,,,,,,,,
236,,159,,,149,148,,156,177,,,,,,,,,,,,,,,,,,,,
235,,163,,,148,149,,156,180,,,,,,,,,,,,,,,,,,,,
235,,163,,,148,149,,156,180,,,,,,,,,,,,,,,,,,,,
238,,160,,,152,146,,157,181,,,,,,,,,,,,,,,,,,,,
238,,160,,,153,146,,156,181,,,,,,,,,,,,,,,,,,,,
234,,156,,,153,145,,157,184,,,,,,,,,,,,,,,,,,,,
234,,156,,,153,145,,157,184,,,,,,,,,,,,,,,,,,,,
231,,159,,,149,142,,156,183,,,,,,,,,,,,,,,,,,,,
231,,159,,,148,141,,156,183,,,,,,,,,,,,,,,,,,,,
230,,161,,,148,143,,158,188,,,,,,,,,,,,,,,,,,,,
230,,160,,,148,143,,158,186,,,,,,,,,,,,,,,,,,,,
228,,165,,,148,141,,157,189,,,,,,,,,,,,,,,,,,,,
228,,165,,,148,141,,157,186,,,,,,,,,,,,,,,,,,,,
226,,163,,,149,146,,158,183,,,,,,,,,,,,,,,,,,,,
226,,163,,,149,145,,158,182,,,,,,,,,,,,,,,,,,,,
,,162,,,152,144,,157,181,,,,,,,,,,,,,,,,,,,,
,,162,,,152,142,,152,187,,,,,,,,,,,,,,,,,,,,
,,169,,,150,141,,154,187,,,,,,,,,,,,,,,,,,,,
,,169,,,150,142,,153,186,,,,,,,,,,,,,,,,,,,,
,,169,,,148,144,,152,185,,,,,,,,,,,,,,,,,,,,
,,169,,,148,145,,150,183,,,,,,,,,,,,,,,,,,,,
,,167,,,152,146,,151,184,,,,,,,,,,,,,,,,,,,,
,,167,,,152,148,,153,184,,,,,,,,,,,,,,,,,,,,
,,167,,,149,146,,149,182,,,,,,,,,,,,,,,,,,,,
,,167,,,149,144,,150,180,,,,,,,,,,,,,,,,,,,,
,,166,,,153,145,,154,181,,,,,,,,,,,,,,,,,,,,
,,166,,,153,145,,150,181,,,,,,,,,,,,,,,,,,,,
,,157,,,150,148,,155,178,,,,,,,,,,,,,,,,,,,,
,,157,,,150,155,,155,178,,,,,,,,,,,,,,,,,,,,
,,161,,,150,155,,153,175,,,,,,,,,,,,,,,,,,,,
,,161,,,150,155,,153,175,,,,,,,,,,,,,,,,,,,,
,,178,,,152,153,,153,173,,,,,,,,,,,,,,,,,,,,
,,178,,,152,153,,153,173,,,,,,,,,,,,,,,,,,,,
,,179,,,150,153,,153,171,,,,,,,,,,,,,,,,,,,,
,,171,,,150,153,,153,171,,,,,,,,,,,,,,,,,,,,
,,167,,,148,159,,154,171,,,,,,,,,,,,,,,,,,,,
,,167,,,148,159,,154,171,,,,,,,,,,,,,,,,,,,,
,,162,,,146,159,,147,169,,,,,,,,,,,,,,,,,,,,
,,162,,,146,158,,147,169,,,,,,,,,,,,,,,,,,,,
,,166,,,149,160,,147,171,,,,,,,,,,,,,,,,,,,,
,,166,,,149,160,,147,171,,,,,,,,,,,,,,,,,,,,
,,159,,,150,159,,160,,,,,,,,,,,,,,,,,,,,,
,,159,,,152,160,,160,,,,,,,,,,,,,,,,,,,,,
,,158,,,145,159,,160,,,,,,,,,,,,,,,,,,,,,
,,158,,,145,159,,154,,,,,,,,,,,,,,,,,,,,,
,,160,,,136,159,,156,,,,,,,,,,,,,,,,,,,,,
,,160,,,136,159,,156,,,,,,,,,,,,,,,,,,,,,
,,156,,,136,157,,154,,,,,,,,,,,,,,,,,,,,,
,,156,,,136,156,,154,,,,,,,,,,,,,,,,,,,,,
,,155,,,156,159,,158,,,,,,,,,,,,,,,,,,,,,
,,155,,,156,159,,158,,,,,,,,,,,,,,,,,,,,,
,,152,,,157,159,,159,,,,,,,,,,,,,,,,,,,,,
,,152,,,145,160,,159,,,,,,,,,,,,,,,,,,,,,
,,150,,,144,164,,161,,,,,,,,,,,,,,,,,,,,,
,,150,,,144,164,,161,,,,,,,,,,,,,,,,,,,,,
,,152,,,144,161,,163,,,,,,,,,,,,,,,,,,,,,
,,152,,,142,161,,163,,,,,,,,,,,,,,,,,,,,,
,,149,,,144,159,,164,,,,,,,,,,,,,,,,,,,,,
,,149,,,144,159,,164,,,,,,,,,,,,,,,,,,,,,
,,148,,,148,158,,167,,,,,,,,,,,,,,,,,,,,,
,,148,,,148,158,,167,,,,,,,,,,,,,,,,,,,,,
,,151,,,145,159,,167,,,,,,,,,,,,,,,,,,,,,
,,151,,,145,158,,167,,,,,,,,,,,,,,,,,,,,,
,,152,,,146,158,,166,,,,,,,,,,,,,,,,,,,,,
,,152,,,146,158,,166,,,,,,,,,,,,,,,,,,,,,
,,156,,,144,158,,171,,,,,,,,,,,,,,,,,,,,,
,,156,,,143,159,,171,,,,,,,,,,,,,,,,,,,,,
,,154,,,147,158,,167,,,,,,,,,,,,,,,,,,,,,
,,154,,,148,158,,165,,,,,,,,,,,,,,,,,,,,,
,,153,,,150,157,,171,,,,,,,,,,,,,,,,,,,,,
,,153,,,152,157,,171,,,,,,,,,,,,,,,,,,,,,
,,150,,,154,159,,171,,,,,,,,,,,,,,,,,,,,,
,,150,,,153,159,,170,,,,,,,,,,,,,,,,,,,,,
,,149,,,153,156,,168,,,,,,,,,,,,,,,,,,,,,
,,149,,,151,156,,168,,,,,,,,,,,,,,,,,,,,,
,,148,,,153,152,,167,,,,,,,,,,,,,,,,,,,,,
,,148,,,152,154,,167,,,,,,,,,,,,,,,,,,,,,
,,148,,,151,158,,168,,,,,,,,,,,,,,,,,,,,,
,,148,,,152,158,,168,,,,,,,,,,,,,,,,,,,,,
,,145,,,153,156,,166,,,,,,,,,,,,,,,,,,,,,
,,145,,,153,153,,166,,,,,,,,,,,,,,,,,,,,,
,,148,,,155,152,,162,,,,,,,,,,,,,,,,,,,,,
,,148,,,155,151,,162,,,,,,,,,,,,,,,,,,,,,
,,149,,,157,153,,164,,,,,,,,,,,,,,,,,,,,,
,,149,,,157,153,,166,,,,,,,,,,,,,,,,,,,,,
,,151,,,153,153,,161,,,,,,,,,,,,,,,,,,,,,
,,151,,,153,145,,161,,,,,,,,,,,,,,,,,,,,,
,,155,,,155,148,,157,,,,,,,,,,,,,,,,,,,,,
,,155,,,155,148,,155,,,,,,,,,,,,,,,,,,,,,
,,156,,,151,145,,164,,,,,,,,,,,,,,,,,,,,,
,,156,,,151,146,,162,,,,,,,,,,,,,,,,,,,,,
,,157,,,152,146,,160,,,,,,,,,,,,,,,,,,,,,
,,157,,,152,146,,152,,,,,,,,,,,,,,,,,,,,,
,,158,,,159,144,,149,,,,,,,,,,,,,,,,,,,,,
,,158,,,159,144,,146,,,,,,,,,,,,,,,,,,,,,
,,158,,,156,147,,145,,,,,,,,,,,,,,,,,,,,,
,,158,,,154,150,,145,,,,,,,,,,,,,,,,,,,,,
,,156,,,153,149,,138,,,,,,,,,,,,,,,,,,,,,
,,156,,,153,150,,138,,,,,,,,,,,,,,,,,,,,,
,,156,,,149,151,,134,,,,,,,,,,,,,,,,,,,,,
,,156,,,148,148,,134,,,,,,,,,,,,,,,,,,,,,
,,156,,,150,151,,134,,,,,,,,,,,,,,,,,,,,,
,,156,,,150,153,,136,,,,,,,,,,,,,,,,,,,,,
,,159,,,149,155,,139,,,,,,,,,,,,,,,,,,,,,
,,159,,,149,161,,139,,,,,,,,,,,,,,,,,,,,,
,,157,,,151,165,,138,,,,,,,,,,,,,,,,,,,,,
,,157,,,151,165,,143,,,,,,,,,,,,,,,,,,,,,
,,158,,,150,165,,143,,,,,,,,,,,,,,,,,,,,,
,,158,,,150,165,,141,,,,,,,,,,,,,,,,,,,,,
,,156,,,153,168,,149,,,,,,,,,,,,,,,,,,,,,
,,157,,,152,168,,148,,,,,,,,,,,,,,,,,,,,,
,,160,,,154,166,,148,,,,,,,,,,,,,,,,,,,,,
,,159,,,154,166,,148,,,,,,,,,,,,,,,,,,,,,
,,162,,,155,167,,147,,,,,,,,,,,,,,,,,,,,,
,,165,,,155,167,,148,,,,,,,,,,,,,,,,,,,,,
,,165,,,157,167,,147,,,,,,,,,,,,,,,,,,,,,
,,163,,,157,165,,147,,,,,,,,,,,,,,,,,,,,,
,,162,,,156,164,,147,,,,,,,,,,,,,,,,,,,,,
,,160,,,156,164,,147,,,,,,,,,,,,,,,,,,,,,
,,159,,,155,164,,146,,,,,,,,,,,,,,,,,,,,,
,,156,,,155,164,,146,,,,,,,,,,,,,,,,,,,,,
,,156,,,157,166,,145,,,,,,,,,,,,,,,,,,,,,
,,156,,,157,166,,145,,,,,,,,,,,,,,,,,,,,,
,,158,,,157,172,,146,,,,,,,,,,,,,,,,,,,,,
,,158,,,156,172,,146,,,,,,,,,,,,,,,,,,,,,
,,159,,,161,169,,149,,,,,,,,,,,,,,,,,,,,,
,,159,,,161,166,,149,,,,,,,,,,,,,,,,,,,,,
,,161,,,160,165,,154,,,,,,,,,,,,,,,,,,,,,
,,161,,,160,165,,154,,,,,,,,,,,,,,,,,,,,,
,,159,,,162,169,,156,,,,,,,,,,,,,,,,,,,,,
,,160,,,162,170,,156,,,,,,,,,,,,,,,,,,,,,
,,156,,,160,172,,151,,,,,,,,,,,,,,,,,,,,,
,,156,,,160,172,,151,,,,,,,,,,,,,,,,,,,,,
,,159,,,158,168,,147,,,,,,,,,,,,,,,,,,,,,
,,157,,,159,168,,147,,,,,,,,,,,,,,,,,,,,,
,,156,,,160,166,,150,,,,,,,,,,,,,,,,,,,,,
,,156,,,160,,,155,,,,,,,,,,,,,,,,,,,,,
,,162,,,159,,,156,,,,,,,,,,,,,,,,,,,,,
,,158,,,156,,,156,,,,,,,,,,,,,,,,,,,,,
,,154,,,160,,,154,,,,,,,,,,,,,,,,,,,,,
,,155,,,160,,,154,,,,,,,,,,,,,,,,,,,,,
,,151,,,162,,,155,,,,,,,,,,,,,,,,,,,,,
,,151,,,162,,,155,,,,,,,,,,,,,,,,,,,,,
,,155,,,162,,,149,,,,,,,,,,,,,,,,,,,,,
,,154,,,159,,,149,,,,,,,,,,,,,,,,,,,,,
,,155,,,159,,,147,,,,,,,,,,,,,,,,,,,,,
,,156,,,159,,,147,,,,,,,,,,,,,,,,,,,,,
,,158,,,158,,,153,,,,,,,,,,,,,,,,,,,,,
,,162,,,159,,,153,,,,,,,,,,,,,,,,,,,,,
,,162,,,156,,,151,,,,,,,,,,,,,,,,,,,,,
,,162,,,156,,,151,,,,,,,,,,,,,,,,,,,,,
,,161,,,154,,,154,,,,,,,,,,,,,,,,,,,,,
,,160,,,154,,,154,,,,,,,,,,,,,,,,,,,,,
,,157,,,153,,,151,,,,,,,,,,,,,,,,,,,,,
,,156,,,153,,,151,,,,,,,,,,,,,,,,,,,,,
,,156,,,152,,,150,,,,,,,,,,,,,,,,,,,,,
,,152,,,152,,,150,,,,,,,,,,,,,,,,,,,,,
,,153,,,151,,,152,,,,,,,,,,,,,,,,,,,,,
,,148,,,152,,,152,,,,,,,,,,,,,,,,,,,,,
,,151,,,149,,,152,,,,,,,,,,,,,,,,,,,,,
,,154,,,149,,,151,,,,,,,,,,,,,,,,,,,,,
,,155,,,150,,,153,,,,,,,,,,,,,,,,,,,,,
,,160,,,149,,,153,,,,,,,,,,,,,,,,,,,,,
,,155,,,146,,,143,,,,,,,,,,,,,,,,,,,,,
,,155,,,146,,,143,,,,,,,,,,,,,,,,,,,,,
,,151,,,144,,,139,,,,,,,,,,,,,,,,,,,,,
,,151,,,144,,,139,,,,,,,,,,,,,,,,,,,,,
,,163,,,148,,,153,,,,,,,,,,,,,,,,,,,,,
,,163,,,148,,,153,,,,,,,,,,,,,,,,,,,,,
,,156,,,150,,,153,,,,,,,,,,,,,,,,,,,,,
,,151,,,150,,,145,,,,,,,,,,,,,,,,,,,,,
,,149,,,148,,,147,,,,,,,,,,,,,,,,,,,,,
,,149,,,148,,,147,,,,,,,,,,,,,,,,,,,,,
,,147,,,145,,,,,,,,,,,,,,,,,,,,,,,,
,,148,,,145,,,,,,,,,,,,,,,,,,,,,,,,
,,145,,,146,,,,,,,,,,,,,,,,,,,,,,,,
,,143,,,146,,,,,,,,,,,,,,,,,,,,,,,,
,,143,,,145,,,,,,,,,,,,,,,,,,,,,,,,
,,139,,,145,,,,,,,,,,,,,,,,,,,,,,,,
,,140,,,145,,,,,,,,,,,,,,,,,,,,,,,,
,,136,,,145,,,,,,,,,,,,,,,,,,,,,,,,
,,137,,,148,,,,,,,,,,,,,,,,,,,,,,,,
,,135,,,148,,,,,,,,,,,,,,,,,,,,,,,,
,,137,,,148,,,,,,,,,,,,,,,,,,,,,,,,
,,155,,,148,,,,,,,,,,,,,,,,,,,,,,,,
,,154,,,151,,,,,,,,,,,,,,,,,,,,,,,,
,,154,,,150,,,,,,,,,,,,,,,,,,,,,,,,
,,145,,,150,,,,,,,,,,,,,,,,,,,,,,,,
,,145,,,150,,,,,,,,,,,,,,,,,,,,,,,,
,,145,,,151,,,,,,,,,,,,,,,,,,,,,,,,
,,145,,,151,,,,,,,,,,,,,,,,,,,,,,,,
,,140,,,153,,,,,,,,,,,,,,,,,,,,,,,,
,,140,,,153,,,,,,,,,,,,,,,,,,,,,,,,
,,140,,,155,,,,,,,,,,,,,,,,,,,,,,,,
,,140,,,155,,,,,,,,,,,,,,,,,,,,,,,,
,,140,,,154,,,,,,,,,,,,,,,,,,,,,,,,
,,140,,,154,,,,,,,,,,,,,,,,,,,,,,,,
,,140,,,157,,,,,,,,,,,,,,,,,,,,,,,,
,,140,,,157,,,,,,,,,,,,,,,,,,,,,,,,
,,143,,,155,,,,,,,,,,,,,,,,,,,,,,,,
,,143,,,152,,,,,,,,,,,,,,,,,,,,,,,,
,,141,,,151,,,,,,,,,,,,,,,,,,,,,,,,
,,138,,,151,,,,,,,,,,,,,,,,,,,,,,,,
,,141,,,146,,,,,,,,,,,,,,,,,,,,,,,,
,,143,,,143,,,,,,,,,,,,,,,,,,,,,,,,
,,145,,,143,,,,,,,,,,,,,,,,,,,,,,,,
,,150,,,143,,,,,,,,,,,,,,,,,,,,,,,,
,,148,,,142,,,,,,,,,,,,,,,,,,,,,,,,
,,152,,,142,,,,,,,,,,,,,,,,,,,,,,,,
,,154,,,140,,,,,,,,,,,,,,,,,,,,,,,,
,,153,,,136,,,,,,,,,,,,,,,,,,,,,,,,
,,154,,,137,,,,,,,,,,,,,,,,,,,,,,,,
,,154,,,137,,,,,,,,,,,,,,,,,,,,,,,,
,,153,,,135,,,,,,,,,,,,,,,,,,,,,,,,
,,152,,,136,,,,,,,,,,,,,,,,,,,,,,,,
,,153,,,136,,,,,,,,,,,,,,,,,,,,,,,,
,,153,,,137,,,,,,,,,,,,,,,,,,,,,,,,
,,142,,,137,,,,,,,,,,,,,,,,,,,,,,,,
,,142,,,132,,,,,,,,,,,,,,,,,,,,,,,,
,,148,,,132,,,,,,,,,,,,,,,,,,,,,,,,
,,150,,,130,,,,,,,,,,,,,,,,,,,,,,,,
,,168,,,130,,,,,,,,,,,,,,,,,,,,,,,,
,,171,,,129,,,,,,,,,,,,,,,,,,,,,,,,
,,171,,,129,,,,,,,,,,,,,,,,,,,,,,,,
,,163,,,126,,,,,,,,,,,,,,,,,,,,,,,,
,,165,,,125,,,,,,,,,,,,,,,,,,,,,,,,
,,169,,,130,,,,,,,,,,,,,,,,,,,,,,,,
,,170,,,130,,,,,,,,,,,,,,,,,,,,,,,,
,,170,,,132,,,,,,,,,,,,,,,,,,,,,,,,
,,167,,,134,,,,,,,,,,,,,,,,,,,,,,,,
,,163,,,137,,,,,,,,,,,,,,,,,,,,,,,,
,,167,,,137,,,,,,,,,,,,,,,,,,,,,,,,
,,167,,,143,,,,,,,,,,,,,,,,,,,,,,,,
,,165,,,143,,,,,,,,,,,,,,,,,,,,,,,,
,,164,,,145,,,,,,,,,,,,,,,,,,,,,,,,
,,163,,,145,,,,,,,,,,,,,,,,,,,,,,,,
,,163,,,147,,,,,,,,,,,,,,,,,,,,,,,,
,,162,,,146,,,,,,,,,,,,,,,,,,,,,,,,
,,162,,,149,,,,,,,,,,,,,,,,,,,,,,,,
,,162,,,149,,,,,,,,,,,,,,,,,,,,,,,,
,,162,,,147,,,,,,,,,,,,,,,,,,,,,,,,
,,157,,,147,,,,,,,,,,,,,,,,,,,,,,,,
,,157,,,148,,,,,,,,,,,,,,,,,,,,,,,,
,,155,,,148,,,,,,,,,,,,,,,,,,,,,,,,
,,159,,,169,,,,,,,,,,,,,,,,,,,,,,,,
,,155,,,169,,,,,,,,,,,,,,,,,,,,,,,,
,,156,,,171,,,,,,,,,,,,,,,,,,,,,,,,
,,157,,,160,,,,,,,,,,,,,,,,,,,,,,,,
,,161,,,159,,,,,,,,,,,,,,,,,,,,,,,,
,,159,,,159,,,,,,,,,,,,,,,,,,,,,,,,
,,161,,,,,,,,,,,,,,,,,,,,,,,,,,,
,,162,,,,,,,,,,,,,,,,,,,,,,,,,,,
